market_cap,price,dia
1505520000000,0.10725062436515388,0
1505606400000,0.15404129090981247,1
1505692800000,0.17349123907271635,2
1505779200000,0.16833419058267893,3
1505865600000,0.16662792485643602,4
1505952000000,0.09581702729678905,5
1506038400000,0.09421298085257275,6
1506124800000,0.08828963159130229,7
1506211200000,0.08545453920539132,8
1506297600000,0.10250635359918353,9
1506384000000,0.08965780221748919,10
1506470400000,0.11505513150836992,11
1506556800000,0.13955236709152263,12
1506643200000,0.1321732878720941,13
1506729600000,0.1719116468013488,14
1506816000000,0.10116815717399875,15
1506902400000,0.10787364049011647,16
1506988800000,0.12443238401115728,17
1507075200000,0.12880576985340142,18
1507161600000,0.13059917950937042,19
1507248000000,0.1356434738726733,20
1507334400000,0.12937532581472053,21
1507420800000,0.12993885109848466,22
1507593600000,0.14007954967446368,23
1507680000000,0.21645282378830932,24
1507766400000,0.23970960381587386,25
1507852800000,0.22988972432827995,26
1507939200000,0.1121645203777135,27
1508025600000,0.10973221368088956,28
1508112000000,0.18386163398446437,29
1508198400000,0.10929078576844647,30
1508284800000,0.10849999581293626,31
1508371200000,0.03981769718799225,32
1508457600000,0.10113758538588118,33
1508544000000,0.09851665772011535,34
1508630400000,0.044005391258782556,35
1508716800000,0.059659430236330725,36
1508889600000,0.0869993407992432,37
1508976000000,0.045946645370719366,38
1509062400000,0.04672392982233654,39
1509148800000,0.04674182044886063,40
1509235200000,0.04937421879741596,41
1509321600000,1.2990185938541823,42
1509408000000,1.289131969568573,43
1509494400000,1.2560132082341102,44
1509580800000,1.296947847082764,45
1509667200000,1.4677175916390695,46
1509753600000,1.6259444665637772,47
1509840000000,1.5369392859933428,48
1509926400000,1.6053159095699763,49
1510012800000,1.8126235392322847,50
1510099200000,2.03370247093617,51
1510185600000,2.034664110158284,52
1510272000000,1.8070169067430286,53
1510358400000,1.6915633452049705,54
1510444800000,1.524949741792881,55
1510531200000,1.6739537350179436,56
1510617600000,1.58246676881987,57
1510704000000,1.52243686388942,58
1510790400000,1.59569777786549,59
1510876800000,1.51454613875746,60
1510963200000,1.67240752925033,61
1511049600000,1.60129507521577,62
1511136000000,1.62070853606007,63
1511222400000,1.57171927559821,64
1511308800000,1.60984260741505,65
1511395200000,1.55999317681984,66
1511481600000,1.69102104673283,67
1511568000000,1.85055461611236,68
1511654400000,1.84320442928677,69
1511740800000,1.96992379425731,70
1511827200000,1.98889715454395,71
1511913600000,1.78805621528696,72
1512000000000,2.00325216804839,73
1512086400000,2.09348995169993,74
1512172800000,2.11889373830539,75
1512259200000,2.26290697069717,76
1512345600000,2.57452340590756,77
1512432000000,2.65744964704982,78
1512518400000,2.34737039411315,79
1512604800000,3.00045061574175,80
1512691200000,2.95203959474243,81
1512777600000,2.67125320720871,82
1512864000000,2.57217578372836,83
1512950400000,2.78234713269591,84
1513036800000,2.700899078585,85
1513123200000,2.81828377633895,86
1513209600000,3.19699057790932,87
1513296000000,4.04070036534219,88
1513382400000,4.6836672869537,89
1513468800000,5.96773445030832,90
1513555200000,5.64297468493428,91
1513641600000,5.94277626514268,92
1513728000000,5.34239024740976,93
1513814400000,5.45261979417947,94
1513900800000,4.52764643416535,95
1513987200000,5.12317508003442,96
1514073600000,5.53808608334857,97
1514160000000,6.74723421293542,98
1514246400000,9.50186502424107,99
1514332800000,10.4750091934464,100
1514419200000,9.85271334584633,101
1514505600000,9.12461060933899,102
1514592000000,8.35635515500144,103
1514678400000,9.20893033293128,104
1514764800000,8.82809865123005,105
1514851200000,9.09039322406542,106
1514937600000,9.886323100553348,107
1515024000000,9.675757666836406,108
1515110400000,16.488523208942993,109
1515196800000,24.369904809962087,110
1515283200000,19.342609184160256,111
1515369600000,19.213160457388458,112
1515456000000,18.978822159045176,113
1515542400000,18.074112986027988,114
1515628800000,22.11006761076647,115
1515715200000,23.914921777474607,116
1515801600000,23.564984313112777,117
1515888000000,21.993910234458383,118
1515974400000,20.776410632506227,119
1516060800000,14.271789985128768,120
1516147200000,14.588799163558992,121
1516233600000,14.77328995370286,122
1516320000000,15.378966128349079,123
1516406400000,16.82245256941068,124
1516492800000,14.401645763988126,125
1516579200000,13.183408210852003,126
1516665600000,13.16548379005424,127
1516752000000,13.555624316282572,128
1516838400000,13.241262926733073,129
1516924800000,13.07623699156532,130
1517011200000,13.338049921339444,131
1517097600000,13.509325087662313,132
1517184000000,12.714301970207767,133
1517270717080,12.730467919083532,134
1517356800000,11.19699597843848,135
1517443200000,11.060884298912091,136
1517529600000,9.325947142633932,137
1517616000000,9.740629328382928,138
1517702400000,9.507364513289662,139
1517788800000,8.51527803867523,140
1517875200000,6.713520258099269,141
1517961600000,8.37781942694591,142
1518048315199,8.109465512755529,143
1518134400000,4.577203302245898,144
1518220800000,9.747117769748963,145
1518307200000,9.275482402921401,146
1518393600000,8.83116796269266,147
1518480000000,9.278863138737044,148
1518566400000,8.922887308671653,149
1518652800000,10.397779036617438,150
1518739200000,10.87209362186023,151
1518825600000,10.910789335590541,152
1518912000000,11.687949238560707,153
1518998400000,10.797374213449508,154
1519084800000,11.007558261351386,155
1519171200000,10.392173241115882,156
1519257600000,8.94869817110816,157
1519344000000,8.990992574312699,158
1519430400000,9.765010876468185,159
1519516800000,9.15405487190094,160
1519603200000,9.427560658591776,161
1519689600000,9.827892246888114,162
1519776000000,10.701287953703003,163
1519862400000,10.447105118389164,164
1519948800000,10.415655165621732,165
1520035200000,10.261678568473718,166
1520121600000,10.131123653514019,167
1520208000000,10.109264452541387,168
1520294400000,10.06784873740695,169
1520380800000,9.38834130782395,170
1520467200000,9.031123735962373,171
1520553600000,8.339594269160756,172
1520640000000,8.061428969815664,173
1520726400000,7.756667395001472,174
1520812800000,8.288910980612451,175
1520899200000,8.102033232695906,176
1520985600000,10.360680808000959,177
1521072000000,8.972114678018473,178
1521158400000,9.12466717501761,179
1521244800000,9.32083364878871,180
1521331200000,9.190484020016697,181
1521417600000,8.96181196941392,182
1521504000000,8.853623882613032,183
1521590400000,9.162013026533659,184
1521676800000,10.031165435825256,185
1521763200000,10.090219945053997,186
1521849600000,11.707239428229286,187
1521936000000,13.235912458917268,188
1522022400000,12.747660420336196,189
1522108800000,12.099021861973561,190
1522195200000,11.48278508504472,191
1522281600000,11.615320787017932,192
1522368000000,10.210282293727676,193
1522454400000,10.461188567278032,194
1522540800000,11.115510878254739,195
1522627200000,11.136879243545204,196
1522713600000,12.680933121363953,197
1522800000000,13.21698359959313,198
1522886400000,12.262637544095591,199
1522972800000,12.537621143759361,200
1523059200000,12.304351591161451,201
1523145600000,12.400381856740026,202
1523232000000,12.060487434470405,203
1523318400000,11.887882933647377,204
1523404800000,12.022866451018963,205
1523491200000,12.13922298893697,206
1523577600000,12.799931730343992,207
1523664000000,13.417312721422798,208
1523750400000,13.086582059822462,209
1523836800000,12.959183256487508,210
1523923200000,12.184611133181534,211
1524009600000,11.741575281205545,212
1524096000000,12.218015022481854,213
1524182400000,12.371723835790444,214
1524268800000,12.302105756625004,215
1524355200000,13.28982921982262,216
1524441600000,12.852767058971171,217
1524528000000,13.560522838457365,218
1524614400000,15.241439470736335,219
1524700800000,13.342972207280585,220
1524787200000,14.57726507688748,221
1524873600000,14.212057912211318,222
1524960000000,15.041869385737895,223
1525046400000,14.947588206817171,224
1525132800000,14.246399877140533,225
1525219200000,14.060864795619642,226
1525305600000,14.249383899103186,227
1525392000000,15.448139762196021,228
1525478400000,14.237158896409744,229
1525564800000,14.291985373392782,230
1525651200000,13.900459861655671,231
1525737600000,13.685278605630916,232
1525824000000,13.396341964807261,233
1525910400000,14.550455378709186,234
1525996800000,13.708279687569693,235
1526083200000,12.933453496550497,236
1526169600000,12.96616985132851,237
1526256000000,13.118135547834948,238
1526342400000,12.904868526380334,239
1526428800000,12.560588145112673,240
1526515200000,12.249370130238358,241
1526601600000,12.475591573103722,242
1526688000000,15.118121142296898,243
1526774400000,14.162741043113783,244
1526860800000,14.005451311816811,245
1526947200000,14.729696464866585,246
1527033600000,13.86015042739797,247
1527120000000,12.629702695921232,248
1527206400000,13.008157408916572,249
1527292800000,12.88668140310279,250
1527379200000,12.735682946504516,251
1527465600000,12.566594764314381,252
1527552000000,11.808105584008525,253
1527638400000,12.567559714363231,254
1527724800000,12.542380064852589,255
1527811200000,14.166035026553816,256
1527897600000,14.229618420589965,257
1527984000000,14.537630416988968,258
1528070400000,14.566818759817217,259
1528156800000,14.214286200106063,260
1528243200000,15.51641401780459,261
1528329600000,17.159400762279933,262
1528416000000,16.20269101643971,263
1528502400000,16.146104672518778,264
1528588800000,15.747315089231735,265
1528675200000,14.106251476383061,266
1528761600000,15.417220624574997,267
1528848000000,15.282627462203367,268
1528934400000,14.649565989283133,269
1529020800000,14.905439079541326,270
1529107200000,15.045699980302016,271
1529193600000,15.734441899979341,272
1529280000000,16.46197644288104,273
1529366400000,16.855544393510947,274
1529452800000,16.645860782919755,275
1529539200000,16.01229751152146,276
1529625600000,16.981511044063986,277
1529712000000,15.652665471370925,278
1529798400000,15.653166454808842,279
1529884800000,14.470529937807438,280
1529971200000,14.920828243620761,281
1530057600000,14.136520785629418,282
1530144000000,14.028818360581843,283
1530230400000,13.886803613019444,284
1530316800000,14.360680867684453,285
1530403200000,14.458728325138383,286
1530489600000,14.108894219619692,287
1530576000000,14.543253328135938,288
1530662400000,14.074940988049802,289
1530748800000,13.923171995620013,290
1530835200000,13.347420490486046,291
1530921600000,13.194538110652921,292
1531008000000,13.938075667185208,293
1531094400000,13.688105768244826,294
1531180800000,13.094703831146363,295
1531267200000,12.72013500761332,296
1531353600000,12.568799844470536,297
1531440000000,11.95841386975193,298
1531526400000,11.976411308116662,299
1531612800000,12.054880819160436,300
1531699200000,12.190158389082102,301
1531785600000,13.187120853444473,302
1531872000000,13.69249108408238,303
1531958400000,12.774962867980129,304
1532044800000,12.560322145505133,305
1532131200000,11.762541966259889,306
1532217600000,11.80520743200495,307
1532304000000,11.682625029287129,308
1532390400000,11.725119532723859,309
1532476800000,11.994781251309558,310
1532563200000,12.77635407471278,311
1532649600000,13.261590918383792,312
1532736000000,13.599102474726717,313
1532822400000,14.337311070736577,314
1532908800000,13.956364069654093,315
1532995200000,13.213291912229888,316
1533081600000,13.741591218213548,317
1533168000000,13.585095297833455,318
1533254400000,14.17158563991308,319
1533340800000,14.089274426037234,320
1533427200000,13.840004034242975,321
1533513600000,13.646506326688169,322
1533600000000,13.684916505201953,323
1533686400000,13.087345849193452,324
1533772800000,12.113592060116689,325
1533859200000,12.798378467817699,326
1533945600000,12.11358961259276,327
1534032000000,11.618145512548884,328
1534118400000,11.694878741985416,329
1534204800000,10.178611870369522,330
1534291200000,9.449201891571713,331
1534377600000,9.418462504204257,332
1534464000000,9.730852563682793,333
1534550400000,10.751075931076976,334
1534636800000,9.860936317073683,335
1534723200000,10.124606068033287,336
1534809600000,9.625466853317972,337
1534896000000,9.713725630887048,338
1534982400000,9.44556479907381,339
1535068800000,9.687856674489773,340
1535155200000,10.192204229240621,341
1535241600000,10.116143326212258,342
1535328000000,10.220698245126185,343
1535414400000,11.217136212566011,344
1535500800000,11.468079442555544,345
1535587200000,11.16314515297195,346
1535673600000,10.751839300850738,347
1535760000000,10.995130466994258,348
1535846400000,11.41492430279447,349
1535932800000,11.283285001825329,350
1536019200000,11.26149069224438,351
1536105600000,11.353571839312153,352
1536192000000,10.118066180650223,353
1536278400000,10.255965932194913,354
1536364800000,9.972013784009796,355
1536451200000,9.468553219298933,356
1536537600000,9.503090271459822,357
1536624000000,9.511179737687863,358
1536710400000,9.348234582618947,359
1536796800000,9.202946938855716,360
1536883200000,9.613665899334356,361
1536969600000,9.922363176511755,362
1537056000000,10.112879272907959,363
1537142400000,9.936509386210409,364
1537228800000,9.366957077821223,365
1537315200000,9.547476047037549,366
1537401600000,9.609423514553269,367
1537488000000,10.053751088997585,368
1537574400000,10.44713469781386,369
1537660800000,10.316899615238905,370
1537747200000,10.309682096098657,371
1537833600000,10.04037692139452,372
1537920000000,9.790952200751304,373
1538006400000,9.744685923910664,374
1538092800000,10.05583929347182,375
1538179200000,9.971699205104866,376
1538265600000,9.968252402103499,377
1538352000000,10.01289672664453,378
1538438400000,9.960803048880349,379
1538524800000,10.339757754225667,380
1538611200000,10.283051458006351,381
1538697600000,10.306821029020993,382
1538784000000,10.65345098515146,383
1538870400000,10.427393708153033,384
1538956800000,10.549876840678502,385
1539043200000,10.561256816628335,386
1539129600000,10.425519066863629,387
1539216000000,10.376374477563656,388
1539302400000,9.289349963291311,389
1539388800000,9.549568092900754,390
1539475200000,9.611285139513411,391
1539561600000,9.57871855879858,392
1539648000000,10.46706458946105,393
1539734400000,10.151278523136257,394
1539820800000,10.120465869648518,395
1539907200000,9.850359939477935,396
1539993600000,9.851806399121575,397
1540080000000,9.879532147513098,398
1540166400000,9.89136163971076,399
1540252800000,9.82333144163201,400
1540339200000,9.852828045797988,401
1540425600000,9.764645098080713,402
1540512000000,9.737861458809112,403
1540598400000,9.756205635931446,404
1540684800000,9.68839170117153,405
1540771200000,9.703464182310324,406
1540857600000,9.393117409368257,407
1540944000000,9.435300549696183,408
1541030400000,9.479385525298765,409
1541116800000,9.570512200379362,410
1541203200000,9.645800855328723,411
1541289600000,9.580928361761858,412
1541376000000,9.450966456289702,413
1541462400000,9.700565893202524,414
1541548800000,9.806151029731403,415
1541635200000,9.876521212731241,416
1541721600000,9.704750133000248,417
1541808000000,9.566721730040312,418
1541894400000,9.578784335957543,419
1541980800000,9.526052837368049,420
1542067200000,9.407127583191935,421
1542153600000,9.311338307550514,422
1542240000000,8.525935600899237,423
1542326400000,8.247169297420811,424
1542412800000,7.9327651162323125,425
1542499200000,7.806824872425379,426
1542585600000,8.024143391711144,427
1542672000000,6.6986096550996015,428
1542758400000,5.8326370989089344,429
1542844800000,6.229546966065289,430
1542931200000,5.724389954826927,431
1543017600000,5.622806578229521,432
1543104000000,5.161088574350976,433
1543190400000,5.211159772890472,434
1543276800000,4.939163015502589,435
1543363200000,4.94265918803859,436
1543449600000,5.325494508709146,437
1543536000000,5.3450660552405,438
1543622400000,5.074957927073463,439
1543708800000,5.264996325901464,440
1543795200000,5.2253850099835235,441
1543881600000,5.06971293446987,442
1543968000000,5.870951978177137,443
1544054400000,6.0557129165722134,444
1544140800000,4.93221977895788,445
1544227200000,4.514178230392997,446
1544313600000,4.697468727797855,447
1544400000000,4.800011650973234,448
1544486400000,4.588865165538553,449
1544572800000,4.855499740586062,450
1544659200000,4.971389324282706,451
1544745600000,4.595914062484935,452
1544832000000,4.470332467334587,453
1544918400000,4.537446811630544,454
1545004800000,4.650392789394786,455
1545091200000,5.057060144174534,456
1545177600000,5.515644591187852,457
1545264000000,5.417985794897962,458
1545350400000,5.672118942465252,459
1545436800000,5.4842716053540155,460
1545523200000,5.822532268886388,461
1545609600000,5.964182578227747,462
1545696000000,6.0928266635767505,463
1545782400000,5.36358613389343,464
1545868800000,5.596255047291899,465
1545955200000,5.16581585667219,466
1546041600000,5.8806438047260565,467
1546128000000,5.727557036414632,468
1546214400000,5.887829634451153,469
1546300800000,6.082208641887363,470
1546387200000,5.9874665684110315,471
1546473600000,6.057146526181886,472
1546560000000,5.800075782066762,473
1546646400000,5.967081320596118,474
1546732800000,5.913821247636739,475
1546819200000,6.266730706003717,476
1546905600000,6.208209629941413,477
1546992000000,6.572794064509067,478
1547078400000,6.5124285245428695,479
1547164800000,5.839214504196487,480
1547251200000,5.967149015501651,481
1547337600000,5.8732342791240075,482
1547424000000,5.477064188101444,483
1547510400000,6.007889287140829,484
1547596800000,5.8263895206053595,485
1547683200000,6.060378577285266,486
1547769600000,6.293633735615159,487
1547856000000,6.454659338331284,488
1547942400000,6.528987758493639,489
1548028800000,6.400002633493051,490
1548115200000,6.488161356916699,491
1548201600000,6.449001721640825,492
1548288000000,6.4439656198170905,493
1548374400000,6.431368873552383,494
1548460800000,6.676620475978288,495
1548547200000,6.938391869121193,496
1548633600000,7.024177888991181,497
1548720000000,6.157827943995112,498
1548806400000,6.261472456060682,499
1548892800000,6.135494736278872,500
1548979200000,6.229535197691113,501
1549065600000,6.525885219808578,502
1549152000000,6.885857279111115,503
1549238400000,6.728319463808856,504
1549324800000,7.056569561143419,505
1549411200000,7.703485697878958,506
1549497600000,7.99889295422142,507
1549584000000,7.747491631619388,508
1549670400000,8.57534676393758,509
1549756800000,8.83246561127322,510
1549843200000,9.004684246917996,511
1549929600000,9.399578400848789,512
1550016000000,9.29019706330998,513
1550102400000,8.845295322298389,514
1550188800000,8.691700484882682,515
1550275200000,9.260806466759771,516
1550361600000,9.082714918127778,517
1550448000000,9.208255059740523,518
1550534400000,9.556665976531534,519
1550620800000,10.483971515376131,520
1550707200000,11.089336196890757,521
1550793600000,10.416549797453282,522
1550880000000,10.77038045704381,523
1550966400000,10.648611505285574,524
1551052800000,10.086822325864507,525
1551139200000,9.688867286800846,526
1551225600000,9.421308285129433,527
1551312000000,9.819080867304683,528
1551398400000,10.254160725549326,529
1551484800000,11.254433050674296,530
1551571200000,11.675098940490939,531
1551657600000,11.310266370856954,532
1551744000000,11.422684008294041,533
1551830400000,13.632378355605656,534
1551916800000,14.484805526745651,535
1552003200000,14.914607987267251,536
1552089600000,14.182604227795105,537
1552176000000,14.486009181260131,538
1552262400000,14.392014579915342,539
1552348800000,14.32642352984074,540
1552435200000,15.201552878464657,541
1552521600000,14.964298646707677,542
1552608000000,14.8470688206058,543
1552694400000,14.8815686728999,544
1552780800000,15.990027347561629,545
1552867200000,15.597596531360292,546
1552953600000,15.518007075444745,547
1553040000000,15.425372141185454,548
1553126400000,15.155898465256703,549
1553212800000,14.385688435290863,550
1553299200000,15.176955297132128,551
1553385600000,15.137508738888764,552
1553472000000,17.150104271536645,553
1553558400000,16.77942018793038,554
1553644800000,16.268110250804412,555
1553731200000,16.58850726025189,556
1553817600000,16.584638554380838,557
1553904000000,16.483646560622606,558
1553990400000,16.82370971789498,559
1554076800000,17.38018693909712,560
1554163200000,17.885604909278115,561
1554249600000,19.723220464600725,562
1554336000000,18.780300973064087,563
1554422400000,19.18575709967399,564
1554508800000,19.335028738498895,565
1554595200000,19.185211317873836,566
1554681600000,19.112195366874655,567
1554768000000,18.05550689081231,568
1554854400000,18.35060702383248,569
1554940800000,18.262366567516782,570
1555027200000,17.69181072658606,571
1555113600000,18.23038877069646,572
1555200000000,18.652397835403228,573
1555286400000,19.32047992978151,574
1555372800000,19.399366093646425,575
1555459200000,19.782133501274508,576
1555545600000,19.57311586987804,577
1555632000000,21.70863673202353,578
1555718400000,24.308665235525034,579
1555804800000,24.94026494704474,580
1555891200000,24.207759503641206,581
1555977600000,23.92644832650058,582
1556064000000,22.8959248020398,583
1556150400000,23.09418229216174,584
1556236800000,22.25656479628978,585
1556323200000,22.977006202065542,586
1556409600000,22.31561097766688,587
1556496000000,22.852493647101323,588
1556582400000,21.57229994825935,589
1556668800000,21.766770021902875,590
1556755200000,21.77171026141927,591
1556841600000,23.387328760664303,592
1556928000000,23.59959420968836,593
1557014400000,22.73977035542812,594
1557100800000,22.84671087167752,595
1557187200000,22.11265107797972,596
1557273600000,21.381396327791222,597
1557360000000,20.597111887211472,598
1557446400000,18.739690177504908,599
1557532800000,19.55523566423102,600
1557619200000,21.310738461675005,601
1557705600000,20.774627305309703,602
1557792000000,23.494483516733272,603
1557878400000,23.53717172417841,604
1557964800000,26.96507654803513,605
1558051200000,26.476835855907055,606
1558137600000,25.708477735885776,607
1558224000000,28.95589218370736,608
1558310400000,29.214251300313293,609
1558396800000,29.130179499276746,610
1558483200000,32.402365184837116,611
1558569600000,31.346852330361315,612
1558656000000,31.677314092966217,613
1558742400000,34.05990832438422,614
1558828800000,35.12279275400274,615
1558915200000,33.535238582609956,616
1559001600000,34.239340518309035,617
1559088000000,33.122360925960365,618
1559174400000,33.606453476083296,619
1559260800000,31.761559971754373,620
1559347200000,32.93210777753538,621
1559433600000,32.9216510778764,622
1559520000000,33.229542163859946,623
1559606400000,30.9093052440002,624
1559692800000,29.117035180370003,625
1559779200000,30.98179914613863,626
1559865600000,31.318912227337293,627
1559952000000,31.608173874964113,628
1560038400000,31.855742079438834,629
1560124800000,30.25359142217133,630
1560211200000,32.08186418452176,631
1560297600000,31.97493864049523,632
1560384000000,34.9388429708274,633
1560470400000,35.06496913774314,634
1560556800000,32.53511291051955,635
1560643200000,32.73662175929157,636
1560729600000,32.29551616334512,637
1560816000000,33.82649909972988,638
1560902400000,34.490303122087795,639
1560988800000,35.25139482130743,640
1561075200000,36.82998150037514,641
1561161600000,38.91793858342014,642
1561248000000,37.926144365897606,643
1561334400000,37.28550830263468,644
1561420800000,37.527680217591055,645
1561507200000,36.11575407972535,646
1561593600000,35.746328940183346,647
1561680000000,33.98946094586673,648
1561766400000,34.440175083617284,649
1561852800000,35.5700040292038,650
1561939200000,32.08944679833465,651
1562025600000,33.258469954070044,652
1562112000000,31.871920677090532,653
1562198400000,32.589470734468485,654
1562284800000,33.22910267314982,655
1562371200000,32.69095244848287,656
1562457600000,32.714424385525504,657
1562544000000,33.06562097291882,658
1562630400000,33.41995235007216,659
1562716800000,32.53941803550763,660
1562803200000,31.37039574069432,661
1562889600000,29.47546617806322,662
1562976000000,32.0463382617632,663
1563062400000,31.572765100961472,664
1563148800000,28.433096105009277,665
1563235200000,28.367249931948486,666
1563321600000,25.201075044884668,667
1563408000000,27.54721821016101,668
1563494400000,29.094265415457144,669
1563580800000,29.103301283974627,670
1563667200000,31.07522343400771,671
1563753600000,30.392303295556303,672
1563840000000,30.73883061193632,673
1563926400000,29.57406676579113,674
1564012800000,29.022332006413677,675
1564099200000,28.87914024739794,676
1564185600000,28.88800672217171,677
1564272000000,27.637315402218466,678
1564358400000,27.73059671698608,679
1564444800000,27.016691528333105,680
1564531200000,26.713071813819173,681
1564617600000,27.723232505332756,682
1564704000000,28.73351770843936,683
1564790400000,27.868246822690274,684
1564876800000,27.72111323933165,685
1564963200000,27.373793405615487,686
1565049600000,27.849794806222224,687
1565136000000,27.639656229093095,688
1565222400000,29.58785561959907,689
1565308800000,31.39623531954035,690
1565395200000,29.7407859153171,691
1565481600000,29.593512248244945,692
1565568000000,30.219454448788586,693
1565654400000,30.147418023961,694
1565740800000,29.424399733430604,695
1565827200000,26.86054819695887,696
1565913600000,28.08213542589457,697
1566000000000,27.46621678364831,698
1566086400000,27.45044934398281,699
1566172800000,27.882349332577377,700
1566259200000,28.86852452989437,701
1566345600000,28.029166430562192,702
1566432000000,26.91143437006359,703
1566518400000,27.04457596584904,704
1566604800000,26.994913636680277,705
1566691200000,26.290803293843584,706
1566777600000,26.044082906401442,707
1566864000000,26.028820815637697,708
1566950400000,25.598756335697995,709
1567036800000,23.470662691137793,710
1567123200000,21.78184136956019,711
1567209600000,22.192856638190957,712
1567296000000,21.13552442487948,713
1567382400000,21.438610114224364,714
1567468800000,22.660341307040724,715
1567555200000,22.397000784809897,716
1567641600000,21.640177975581818,717
1567728000000,22.711985916020357,718
1567814400000,22.182333527545538,719
1567900800000,22.405261559837967,720
1567987200000,22.41198331530781,721
1568073600000,22.132223225463076,722
1568160000000,21.79884095165479,723
1568246400000,20.743634713075046,724
1568332800000,20.802050149098662,725
1568419200000,20.79882402829103,726
1568505600000,21.00328637795174,727
1568592000000,20.37333835182006,728
1568678400000,20.236668039500803,729
1568764800000,21.100079022468687,730
1568851200000,22.07089602274126,731
1568937600000,21.52942091072633,732
1569024000000,21.274946020551244,733
1569110400000,20.952862390413546,734
1569196800000,20.386317625786912,735
1569283200000,19.295565446060348,736
1569369600000,16.539149492885993,737
1569456000000,16.06705840939312,738
1569542400000,15.305145795446741,739
1569628800000,15.636151950460764,740
1569715200000,15.762523864743166,741
1569801600000,15.25344192048347,742
1569888000000,15.774018647075495,743
1569974400000,15.851400004686669,744
1570060800000,15.864912011776225,745
1570147200000,15.658669606856666,746
1570233600000,15.640221105914357,747
1570320000000,15.698543163499648,748
1570406400000,15.069978062749174,749
1570492800000,16.064787752520967,750
1570579200000,15.999440752637808,751
1570665600000,17.7717067476257,752
1570752000000,17.565446473346064,753
1570838400000,16.56807401757623,754
1570924800000,17.235832679975076,755
1571011200000,18.25621591466084,756
1571097600000,18.404843678815887,757
1571184000000,18.39617917788521,758
1571270400000,17.76674876061258,759
1571356800000,18.50818812059558,760
1571443200000,18.213555330073554,761
1571529600000,18.178637973531558,762
1571616000000,18.439964868648946,763
1571702400000,18.270884965957617,764
1571788800000,18.197304034770486,765
1571875200000,16.660830564258255,766
1571961600000,16.981693263705985,767
1572048000000,18.56408198171964,768
1572134400000,18.863273715830854,769
1572220800000,19.265593913477083,770
1572307200000,19.871274234837244,771
1572393600000,20.673757550541676,772
1572480000000,20.022760244978603,773
1572566400000,19.933305188368156,774
1572652800000,20.04647032727917,775
1572739200000,20.204883887569107,776
1572825600000,20.13726362437605,777
1572912000000,20.620731101504756,778
1572998400000,20.6429763650443,779
1573084800000,20.657758829943102,780
1573171200000,20.40350094227934,781
1573257600000,19.65150237230482,782
1573344000000,19.724033118326247,783
1573430400000,20.459061350938924,784
1573516800000,20.106983244842056,785
1573603200000,20.8702225038281,786
1573689600000,21.32174236869294,787
1573776000000,21.282928448937206,788
1573862400000,20.29927103181429,789
1573948800000,20.182283399603772,790
1574035200000,20.09585979748175,791
1574121600000,19.091819056623912,792
1574208000000,18.48443827957682,793
1574294400000,18.09425437978215,794
1574380800000,16.787903970858903,795
1574467200000,15.525739710711209,796
1574553600000,16.2671480543109,797
1574640000000,15.05671664123601,798
1574726400000,15.190301378096823,799
1574812800000,15.315763044273119,800
1574899200000,15.960055463126414,801
1574985600000,15.561385420788126,802
1575072000000,16.155944138818402,803
1575158400000,15.706698474503671,804
1575244800000,15.45494979771074,805
1575331200000,15.14311898663581,806
1575417600000,15.244517419197557,807
1575504000000,15.126556211344072,808
1575590400000,15.646634606310384,809
1575676800000,15.67247345886485,810
1575763200000,15.569021541425807,811
1575849600000,15.579235690297716,812
1575936000000,15.327630304627986,813
1576022400000,14.80075107726018,814
1576108800000,14.749627646983393,815
1576195200000,14.713131417378417,816
1576281600000,14.810220741564805,817
1576368000000,14.367813089313644,818
1576454400000,14.355063424677494,819
1576540800000,13.453104925231127,820
1576627200000,12.355426118876021,821
1576713600000,13.491954853443334,822
1576800000000,13.307270666913366,823
1576886400000,13.499499415457134,824
1576972800000,13.289084412414692,825
1577059200000,13.805614621722423,826
1577145600000,13.314382463392782,827
1577232000000,13.318980337418768,828
1577318400000,13.07505080457795,829
1577404800000,13.142355683940435,830
1577491200000,13.278340435460915,831
1577577600000,13.671553543014133,832
1577664000000,14.107027867793489,833
1577750400000,13.853563909099083,834
1577836800000,13.716390519164424,835
1577923200000,13.685902488392259,836
1578009600000,13.00717054213436,837
1578096000000,13.603275575206876,838
1578182400000,13.794575234456074,839
1578268800000,14.006360708388502,840
1578355200000,14.900504443309478,841
1578441600000,14.969516286188654,842
1578528000000,14.49911394271138,843
1578614400000,14.402400294232802,844
1578700800000,15.072651262021571,845
1578787200000,14.897654836330961,846
1578873600000,15.303621814103838,847
1578960000000,15.162796266272917,848
1579046400000,16.651217038759167,849
1579132800000,17.659959590160472,850
1579219200000,17.013462282038063,851
1579305600000,18.06731694374428,852
1579392000000,17.779565661603783,853
1579478400000,17.354672097456596,854
1579564800000,17.331768951043593,855
1579651200000,18.105663770242614,856
1579737600000,17.785287373025103,857
1579824000000,16.98120135034776,858
1579910400000,17.025802918717087,859
1579996800000,16.94388900899939,860
1580083200000,17.436952810120008,861
1580169600000,17.63534383459029,862
1580256000000,18.056718711616835,863
1580342400000,17.84868977674811,864
1580428800000,18.574468214673352,865
1580515200000,18.102591892792578,866
1580601600000,18.146979940249174,867
1580688000000,18.429785866197033,868
1580774400000,18.469727776907344,869
1580860800000,18.12227006043833,870
1580947200000,19.184981739970137,871
1581033600000,20.606359319469284,872
1581120000000,22.124597241734357,873
1581206400000,21.79557766853931,874
1581292800000,23.919374909046866,875
1581379200000,25.25283145161699,876
1581465600000,25.67332747973676,877
1581552000000,26.420489006558586,878
1581638400000,25.40353101258859,879
1581724800000,26.237614637148184,880
1581811200000,24.066232472692846,881
1581897600000,23.642234372603625,882
1581984000000,23.57106008535937,883
1582070400000,24.024721722374153,884
1582156800000,22.251104060858165,885
1582243200000,22.140091604747862,886
1582329600000,22.12011683926348,887
1582416000000,21.935212654010517,888
1582502400000,22.871503770762548,889
1582588800000,22.034127069698563,890
1582675200000,20.38515618213182,891
1582761600000,18.71084904799088,892
1582848000000,19.12124747113437,893
1582934400000,18.967838512147207,894
1583020800000,19.316274350494563,895
1583107200000,18.99084847186697,896
1583193600000,19.869623866638342,897
1583280000000,19.591985408563584,898
1583366400000,19.998016534820184,899
1583452800000,20.819562373865413,900
1583539200000,21.32006190430721,901
1583625600000,20.034630500318833,902
1583712000000,16.8768661458687,903
1583798400000,16.583534012655026,904
1583884800000,16.885542526765494,905
1583971200000,16.567936765899848,906
1584057600000,9.472898274350825,907
1584144000000,10.894970921051218,908
1584230400000,10.131278171005532,909
1584316800000,10.385577077338656,910
1584403200000,9.400670799774627,911
1584489600000,10.334280501627655,912
1584576000000,10.373602762410638,913
1584662400000,12.253209773574119,914
1584748800000,11.850720950684286,915
1584835200000,11.99980746761872,916
1584921600000,11.17898170597252,917
1585008000000,12.10417697448936,918
1585094400000,12.452973087703171,919
1585180800000,12.346023944979951,920
1585267200000,13.213239119724385,921
1585353600000,12.357103274977927,922
1585440000000,12.217985512461317,923
1585526400000,11.335800884890425,924
1585612800000,12.186326182993438,925
1585699200000,12.599921727906565,926
1585785600000,12.729267987374852,927
1585872000000,13.080913345630146,928
1585958400000,13.323786842399462,929
1586044800000,13.780459184615044,930
1586131200000,13.709492551782219,931
1586217600000,15.136323870581913,932
1586304000000,14.659982501326333,933
1586390400000,15.075401383425042,934
1586476800000,15.028759187793476,935
1586563200000,13.718825913499494,936
1586649600000,13.82675861556279,937
1586736000000,14.26511654964438,938
1586822400000,15.045572860921823,939
1586908800000,15.582720804249114,940
1586995200000,14.585948622691053,941
1587081600000,15.666737861469233,942
1587168000000,15.616281099861975,943
1587254400000,16.552955039683997,944
1587340800000,16.04655015576096,945
1587427200000,15.027804337444612,946
1587513600000,15.096507864715075,947
1587600000000,15.686738791246619,948
1587686400000,15.970136706672747,949
1587772800000,15.894827424185603,950
1587859200000,16.237246136924366,951
1587945600000,16.373952524617437,952
1588032000000,16.412718663883027,953
1588118400000,16.36205781128239,954
1588204800000,17.39372140310465,955
1588291200000,16.98087375117161,956
1588377600000,17.451782873526643,957
1588464000000,17.519661263697216,958
1588550400000,17.094938351330704,959
1588636800000,17.01924643648172,960
1588723200000,16.883233236755714,961
1588809600000,16.51209313539124,962
1588896000000,16.973507971075282,963
1588982400000,17.17429638517618,964
1589068800000,16.831057985373022,965
1589155200000,15.319104122325577,966
1589241600000,15.079060743079339,967
1589328000000,15.737907614097121,968
1589414400000,16.178744648828747,969
1589500800000,16.354338338129395,970
1589587200000,15.665539932690042,971
1589673600000,15.998854029229479,972
1589760000000,16.280923203891124,973
1589846400000,16.609872253376516,974
1589932800000,17.167573323604675,975
1590019200000,16.881454352776174,976
1590105600000,16.0669095726554,977
1590192000000,16.425133794724594,978
1590278400000,16.476266625185772,979
1590364800000,15.992111456381426,980
1590451200000,16.343638959558113,981
1590537600000,16.222916082933914,982
1590624000000,16.453060488158076,983
1590710400000,17.0369406967339,984
1590796800000,16.995852092999662,985
1590883200000,17.74005658373599,986
1590969600000,17.08047499174346,987
1591056000000,17.86826730805164,988
1591142400000,17.278144088449928,989
1591228800000,17.5321020358125,990
1591315200000,17.76777119114562,991
1591401600000,17.64277721077558,992
1591488000000,17.544231651455394,993
1591574400000,17.3855854776686,994
1591660800000,17.392401206538306,995
1591747200000,17.35802857503161,996
1591833600000,17.400270231856606,997
1591920000000,16.314759849959252,998
1592006400000,16.633166760636566,999
1592092800000,16.8077330047672,1000
1592179200000,16.571572104684737,1001
1592265600000,16.377795766770895,1002
1592352000000,16.41756493914464,1003
1592438400000,16.38942281312573,1004
1592524800000,16.16904727460514,1005
1592611200000,15.964316175348207,1006
1592697600000,16.05376830453166,1007
1592784000000,15.948151805705841,1008
1592870400000,16.493462868940206,1009
1592956800000,16.37632339031764,1010
1593043200000,15.994267023204436,1011
1593129600000,15.913795778184568,1012
1593216000000,15.760713523841984,1013
1593302400000,15.143047161776026,1014
1593388800000,15.366038526155645,1015
1593475200000,15.475919362097487,1016
1593561600000,15.429636809481364,1017
1593648000000,15.82008122659031,1018
1593734400000,15.351366990642129,1019
1593820800000,15.292613762872096,1020
1593907200000,15.55406577871271,1021
1593993600000,15.492049777777622,1022
1594080000000,16.31375648247885,1023
1594166400000,16.77301864557116,1024
1594252800000,17.18878039611592,1025
1594339200000,16.819681237789247,1026
1594425600000,17.216878342022962,1027
1594512000000,17.614558389871206,1028
1594598400000,18.2822214187026,1029
1594684800000,18.38502672798852,1030
1594771200000,18.090037256165,1031
1594857600000,17.602996971592386,1032
1594944000000,17.151995036741816,1033
1595030400000,17.079910599644585,1034
1595116800000,17.13579467205755,1035
1595203200000,17.964878581093124,1036
1595289600000,17.48010559244796,1037
1595376000000,17.739935559584133,1038
1595462400000,18.064678785451687,1039
1595548800000,18.679071364962475,1040
1595635200000,19.174068633442023,1041
1595721600000,19.80752853012818,1042
1595808000000,19.520963080493125,1043
1595894400000,19.68213941131244,1044
1595980800000,20.159614377404264,1045
1596067200000,19.872261286815668,1046
1596153600000,20.031460865664172,1047
1596240000000,20.693955717192168,1048
1596326400000,21.602045818170808,1049
1596412800000,20.907934984515915,1050
1596499200000,21.95591965275125,1051
1596585600000,22.262851677672508,1052
1596672000000,23.258103117077056,1053
1596758400000,22.727115837134946,1054
1596844800000,22.19926947187335,1055
1596931200000,22.868892057353534,1056
1597017600000,22.42038767132576,1057
1597104000000,22.57428903780444,1058
1597190400000,21.133878144094165,1059
1597276800000,21.60059011305779,1060
1597363200000,21.76114130202024,1061
1597449600000,23.024404503993193,1062
1597536000000,22.90796258336114,1063
1597622400000,23.47471960773288,1064
1597708800000,23.52633097478227,1065
1597795200000,22.97380165407701,1066
1597881600000,22.307582956985765,1067
1597968000000,23.07262944423247,1068
1598054400000,22.094652464902527,1069
1598140800000,22.175839292385888,1070
1598227200000,21.837617728162876,1071
1598313600000,22.571494222389706,1072
1598400000000,21.452477453617824,1073
1598486400000,22.225939657310363,1074
1598572800000,23.071884718613457,1075
1598659200000,23.06537998016267,1076
1598745600000,22.991704969773377,1077
1598832000000,23.62291042617998,1078
1598918400000,23.163433626535507,1079
1599004800000,24.666511939506307,1080
1599091200000,24.64635903957026,1081
1599177600000,20.516723360580535,1082
1599264000000,20.967279424968797,1083
1599350400000,19.40743243842831,1084
1599436800000,23.236376313822095,1085
1599523200000,22.31487527882162,1086
1599609600000,23.00880342091523,1087
1599696000000,24.486045253548028,1088
1599782400000,24.41384260442618,1089
1599868800000,25.389281087797873,1090
1599955200000,28.453207780628457,1091
1600041600000,31.117471967379696,1092
1600128000000,31.213230898254388,1093
1600214400000,27.17624422268861,1094
1600300800000,27.85508077250597,1095
1600387200000,26.791783085251982,1096
1600473600000,27.09515766101024,1097
1600560000000,27.202934633274253,1098
1600646400000,26.429360501624764,1099
1600732800000,23.533250188050296,1100
1600819200000,24.026975887077135,1101
1600905600000,22.810300091418643,1102
1600992000000,24.518301019222108,1103
1601078400000,24.625905335253822,1104
1601164800000,26.17859218285808,1105
1601251200000,26.194385294610697,1106
1601337600000,26.849458383572696,1107
1601424000000,28.78426116230888,1108
1601510400000,29.241127996475694,1109
1601596800000,27.45899928250056,1110
1601683200000,27.247630487625198,1111
1601769600000,28.220218346273406,1112
1601856000000,28.97366756673542,1113
1601942400000,28.602977522670532,1114
1602028800000,27.67315432044839,1115
1602115200000,27.6740125866321,1116
1602201600000,27.691576992362418,1117
1602288000000,28.389814112971795,1118
1602374400000,28.261506530043167,1119
1602460800000,28.50595190903315,1120
1602547200000,30.676137430260255,1121
1602633600000,30.68552818912381,1122
1602720000000,30.875864202483214,1123
1602806400000,31.223457537972482,1124
1602892800000,29.98035105529841,1125
1602979200000,30.235066947647304,1126
1603065600000,30.644145203919706,1127
1603152000000,29.90917535537419,1128
1603238400000,28.77423158490161,1129
1603324800000,29.64098750680126,1130
1603411200000,30.56860046874098,1131
1603497600000,30.599483406452123,1132
1603584000000,30.55520055873557,1133
1603670400000,30.068355994769256,1134
1603756800000,31.1111601710148,1135
1603843200000,31.58005214568201,1136
1603929600000,30.383164679303057,1137
1604016000000,29.821938544896494,1138
1604102400000,28.497481230781414,1139
1604188800000,28.38586753473156,1140
1604275200000,28.383207088910694,1141
1604361600000,27.901510425164563,1142
1604448000000,26.860327392329477,1143
1604534400000,26.850364190385715,1144
1604620800000,27.66041204370796,1145
1604707200000,28.931312481044976,1146
1604793600000,27.694902163595472,1147
1604880000000,28.272832381802676,1148
1604966400000,27.97764626336301,1149
1605052800000,28.15111180787262,1150
1605139200000,27.939048497406986,1151
1605225600000,27.5443138396036,1152
1605312000000,28.19283500399967,1153
1605398400000,27.953819650024514,1154
1605484800000,27.601590116985903,1155
1605571200000,28.02227380326721,1156
1605657600000,28.496923304737354,1157
1605744000000,28.069265692770117,1158
1605830400000,28.046442178358358,1159
1605916800000,28.851114684946694,1160
1606003200000,30.45155540675402,1161
1606089600000,29.977302281631136,1162
1606176000000,30.89436317605904,1163
1606262400000,33.74014404645124,1164
1606348800000,31.38573384098398,1165
1606435200000,28.1837367602019,1166
1606521600000,28.488120962645503,1167
1606608000000,29.11177305406224,1168
1606694400000,30.112082957074602,1169
1606780800000,31.24495320461204,1170
1606867200000,30.13356223771369,1171
1606953600000,30.28595059031463,1172
1607040000000,30.651721259347816,1173
1607126400000,29.155130399136517,1174
1607212800000,29.723248921747913,1175
1607299200000,29.486254405064596,1176
1607385600000,29.354914757958692,1177
1607472000000,27.667851740939597,1178
1607558400000,28.195810636033865,1179
1607644800000,27.69850463380029,1180
1607731200000,27.38615040178182,1181
1607817600000,28.159466955082408,1182
1607904000000,29.050455885619403,1183
1607990400000,29.970133365239445,1184
1608076800000,29.52575816379816,1185
1608163200000,30.447252032239604,1186
1608249600000,30.151922995708784,1187
1608336000000,30.953680574171166,1188
1608422400000,33.28571226126745,1189
1608508800000,34.189928969618464,1190
1608595200000,32.303139741057095,1191
1608681600000,33.50989058105248,1192
1608768000000,31.298017131206112,1193
1608854400000,32.49695050936928,1194
1608940800000,33.15766052669594,1195
1609027200000,33.51240176627666,1196
1609113600000,33.49744381518995,1197
1609200000000,35.916069082572335,1198
1609286400000,38.83756963362207,1199
1609372800000,38.1509269709647,1200
1609459200000,37.39459108952269,1201
1609545600000,37.907080194787994,1202
1609632000000,38.3407827710088,1203
1609718400000,41.073833461872894,1204
1609804800000,39.96291375628447,1205
1609891200000,41.70002777344284,1206
1609977600000,42.18286284478925,1207
1610064000000,43.399503661775,1208
1610150400000,42.46668009933768,1209
1610236800000,44.009471856745336,1210
1610323200000,42.58410098557694,1211
1610409600000,38.45392552379035,1212
1610496000000,38.11427219614462,1213
1610582400000,40.22565374012507,1214
1610668800000,41.76107527446097,1215
1610755200000,41.00211347628559,1216
1610841600000,43.228026040119325,1217
1610928000000,45.611289376230275,1218
1611014400000,45.26255345762477,1219
1611100800000,42.9091445016058,1220
1611187200000,42.516660637481856,1221
1611273600000,38.76373900578527,1222
1611360000000,40.76713000700509,1223
1611446400000,40.77664235619435,1224
1611532800000,41.84754636819086,1225
1611619200000,41.43889066736872,1226
1611705600000,41.53699697144749,1227
1611792000000,41.0620061062751,1228
1611878400000,42.39337274825129,1229
1611964800000,42.73677104822648,1230
1612051200000,44.6166614363188,1231
1612137600000,44.248361111646936,1232
1612224000000,51.466236533833346,1233
1612310400000,50.912193432972956,1234
1612396800000,52.31846242135783,1235
1612483200000,55.7736236256377,1236
1612569600000,68.33895660447845,1237
1612656000000,72.63187897909684,1238
1612742400000,68.25050171789643,1239
1612828800000,79.49801888923349,1240
1612915200000,107.73553377385184,1241
1613001600000,129.13361191797475,1242
1613088000000,123.80544465729103,1243
1613174400000,136.48052145554178,1244
1613260800000,133.322626656125,1245
1613347200000,136.61474253248164,1246
1613433600000,129.37501831256412,1247
1613520000000,129.7750465728749,1248
1613606400000,163.62267032634747,1249
1613692800000,194.52978782045926,1250
1613779200000,338.06613613445165,1251
1613865600000,257.3900907544965,1252
1613952000000,295.6003537806796,1253
1614038400000,268.3919967635501,1254
1614124800000,228.72434783295716,1255
1614211200000,255.4767184097597,1256
1614297600000,235.367775596686,1257
1614384000000,221.91199852607065,1258
1614470400000,226.72686576597837,1259
1614556800000,209.7755560977119,1260
1614643200000,256.1825241472202,1261
1614729600000,240.93415136962906,1262
1614816000000,241.75975167975105,1263
1614902400000,230.26650905990243,1264
1614988800000,226.9398478508591,1265
1615075200000,226.65626759661149,1266
1615161600000,240.0619974599154,1267
1615248000000,240.61622414964333,1268
1615334400000,294.72023395611154,1269
1615420800000,278.40134011560883,1270
1615507200000,288.4728386043209,1271
1615593600000,264.080531574575,1272
1615680000000,277.1037454812445,1273
1615766400000,265.97402356240656,1274
1615852800000,253.49929241289573,1275
1615939200000,259.05040404323574,1276
1616025600000,270.92343249137247,1277
1616112000000,262.65199569448845,1278
1616198400000,263.57879484349144,1279
1616284800000,265.268468060338,1280
1616371200000,265.0540332337827,1281
1616457600000,256.94864890376607,1282
1616544000000,255.27786787587382,1283
1616630400000,248.3507195782589,1284
1616716800000,234.2370384788448,1285
1616803200000,254.7015843221757,1286
1616889600000,269.39591320216624,1287
1616976000000,268.6806004111688,1288
1617062400000,274.95685604326087,1289
1617148800000,309.41128497847706,1290
1617235200000,302.74519342468096,1291
1617321600000,335.83418525299265,1292
1617408000000,336.95153098017545,1293
1617494400000,320.53878118767074,1294
1617580800000,349.04540444084336,1295
1617667200000,367.45802723081573,1296
1617753600000,404.4605067817102,1297
1617840000000,377.00503501889756,1298
1617926400000,418.1377217019414,1299
1618012800000,451.21085727443034,1300
1618099200000,471.8358234440816,1301
1618185600000,522.9036942041708,1302
1618272000000,598.5534973410056,1303
1618358400000,553.1237144074748,1304
1618444800000,541.5605143363395,1305
1618531200000,542.999425037437,1306
1618617600000,510.8238324398561,1307
1618704000000,516.786555529572,1308
1618790400000,480.4177527813873,1309
1618876800000,503.64777746828946,1310
1618963200000,580.458871224804,1311
1619049600000,550.8887930884299,1312
1619136000000,513.6206365996485,1313
1619222400000,527.7805404253345,1314
1619308800000,499.32327439489393,1315
1619395200000,506.04730740984775,1316
1619481600000,533.5835251560673,1317
1619568000000,568.9669199054099,1318
1619654400000,562.5777797510267,1319
1619740800000,599.878911764389,1320
1619827200000,624.5765352142118,1321
1619913600000,619.030889354574,1322
1620000000000,622.5877665982661,1323
1620086400000,675.0989738046136,1324
1620172800000,608.6328978666735,1325
1620259200000,651.8302379358385,1326
1620345600000,635.5432986217273,1327
1620432000000,625.0943959026756,1328
1620518400000,645.0585761750556,1329
1620604800000,661.8917093205984,1330
1620691200000,634.58945301263,1331
1620777600000,672.6378251611095,1332
1620864000000,602.4357875472981,1333
1620950400000,569.7521822185124,1334
1621036800000,602.9050777032468,1335
1621123200000,563.5052998307351,1336
1621209600000,563.878710635094,1337
1621296000000,513.8795215885984,1338
1621382400000,510.07736523997494,1339
1621468800000,347.44636606255773,1340
1621555200000,390.4055489155821,1341
1621641600000,322.2867462633131,1342
1621728000000,301.2701990051035,1343
1621814400000,261.2622534486674,1344
1621900800000,343.5153238530259,1345
1621987200000,342.96120646828297,1346
1622073600000,378.0723879073576,1347
1622160000000,367.29228652289953,1348
1622246400000,330.473645280297,1349
1622332800000,305.84897508449757,1350
1622419200000,325.5740271352291,1351
1622505600000,353.0811758712889,1352
1622592000000,361.66565480634273,1353
1622678400000,402.6103887950831,1354
1622764800000,428.93001062084943,1355
1622851200000,392.28088322664473,1356
1622937600000,388.33019075735723,1357
1623024000000,392.0265012406166,1358
1623110400000,356.26141468125365,1359
1623196800000,353.7624004673745,1360
1623283200000,376.18736712521803,1361
1623369600000,352.39187862755034,1362
1623456000000,346.0770263345878,1363
1623542400000,345.0457266991574,1364
1623628800000,365.2476466395085,1365
1623715200000,371.00423762337175,1366
1623801600000,369.0197344143191,1367
1623888000000,346.43933841857296,1368
1623974400000,353.2126444369965,1369
1624060800000,337.6347927394546,1370
1624147200000,335.07018119431814,1371
1624233600000,340.2281584344195,1372
1624320000000,274.27055686293926,1373
1624406400000,261.43223961520897,1374
1624492800000,296.1273022004297,1375
1624579200000,308.79361050917015,1376
1624665600000,284.0782307500083,1377
1624752000000,277.39963231242126,1378
1624838400000,289.2248669688827,1379
1624924800000,291.0298352850683,1380
1625011200000,300.9239255732945,1381
1625097600000,303.7424426595392,1382
1625184000000,289.1924506931423,1383
1625270400000,288.1721729444467,1384
1625356800000,298.4150443566236,1385
1625443200000,308.2587161797882,1386
1625529600000,304.0232646044936,1387
1625616000000,320.3670298197941,1388
1625702400000,328.28831490686645,1389
1625788800000,311.53319583895274,1390
1625875200000,318.3107569140051,1391
1625961600000,317.67435605424265,1392
1626048000000,322.219354764812,1393
1626134400000,317.7586462992751,1394
1626220800000,308.8603138834186,1395
1626307200000,309.4339650052979,1396
1626393600000,314.6362318425904,1397
1626480000000,302.3938694991528,1398
1626566400000,300.92427931101014,1399
1626652800000,304.2662316676439,1400
1626739200000,282.23704136302297,1401
1626825600000,266.3980943719025,1402
1626912000000,293.84319116155376,1403
1626998400000,293.8016653905489,1404
1627084800000,297.6400291647872,1405
1627171200000,301.4738994735757,1406
1627257600000,305.4674583615863,1407
1627344000000,302.9585615137897,1408
1627430400000,313.4962897355437,1409
1627516800000,313.7134832723744,1410
1627603200000,317.11529159036354,1411
1627689600000,322.74375771474973,1412
1627776000000,334.98502851591746,1413
1627862400000,332.3726400184503,1414
1627948800000,331.452599995454,1415
1628035200000,323.0998008181091,1416
1628121600000,334.9795053490896,1417
1628208000000,338.2818687741271,1418
1628294400000,342.27520930886874,1419
1628380800000,356.21901128850396,1420
1628467200000,341.45649731912124,1421
1628553600000,354.86681082174385,1422
1628640000000,372.73212363858596,1423
1628726400000,391.9444529953977,1424
1628812800000,385.11114348041565,1425
1628899200000,410.21123138822196,1426
1628985600000,409.3239523090878,1427
1629072000000,413.352941129316,1428
1629158400000,416.9093485124447,1429
1629244800000,401.4108438239085,1430
1629331200000,401.11859917961044,1431
1629417600000,430.26289463296433,1432
1629504000000,453.52976111650503,1433
1629590400000,450.152782312137,1434
1629676800000,448.5460498577836,1435
1629763200000,499.6471922438925,1436
1629849600000,472.56789940825763,1437
1629936000000,503.0600194308284,1438
1630022400000,483.59478097364973,1439
1630108800000,494.4910267549098,1440
1630195200000,486.1135106261634,1441
1630281600000,481.11230727270197,1442
1630368000000,461.0741328057276,1443
1630454400000,466.3250681926073,1444
1630540800000,490.1903097419243,1445
1630627200000,484.92303782064835,1446
1630713600000,487.5028155359726,1447
1630800000000,499.23220832331145,1448
1630886400000,502.64789931106213,1449
1630972800000,497.3629972066087,1450
1631059200000,418.7199041232581,1451
1631145600000,414.01508472530526,1452
1631232000000,421.90434620430176,1453
1631318400000,401.63387407746995,1454
1631404800000,404.1454767462771,1455
1631491200000,417.78466673455966,1456
1631577600000,400.88829550518807,1457
1631664000000,414.29388624030463,1458
1631750400000,429.92698493835917,1459
1631836800000,424.9286346297753,1460
1631923200000,405.92466228296115,1461
1632009600000,411.49215032485296,1462
1632096000000,409.8656741984923,1463
1632182400000,363.8928187736703,1464
1632268800000,343.8883778193333,1465
1632355200000,378.304383892215,1466
1632441600000,384.8505093844634,1467
1632528000000,355.7512176219757,1468
1632614400000,351.3197716355193,1469
1632700800000,344.5604683588748,1470
1632787200000,335.6370807457751,1471
1632873600000,332.2069635513584,1472
1632960000000,368.21137136727407,1473
1633046400000,387.5183524683549,1474
1633132800000,421.4675125853655,1475
1633219200000,429.3505314242623,1476
1633305600000,431.4490158127125,1477
1633392000000,427.5458615165339,1478
1633478400000,443.4354477289843,1479
1633564800000,435.2620060917299,1480
1633651200000,439.9326470373653,1481
1633737600000,418.31734306238405,1482
1633824000000,422.312499600526,1483
1633910400000,404.32984207958265,1484
1633996800000,412.9041662172662,1485
1634083200000,440.36732782218525,1486
1634169600000,469.5721483361627,1487
1634256000000,471.83904758364673,1488
1634342400000,476.06043685916666,1489
1634428800000,467.81392063599463,1490
1634515200000,470.6037423333306,1491
1634601600000,484.96283076555414,1492
1634688000000,488.5758698597108,1493
1634774400000,503.12263901994754,1494
1634860800000,472.6932063610324,1495
1634947200000,481.1525290008791,1496
1635033600000,484.83585324776277,1497
1635120000000,477.9704015575551,1498
1635206400000,487.15211541381655,1499
1635292800000,478.44458996042187,1500
1635379200000,450.85609413572087,1501
1635465600000,491.7140407371403,1502
1635552000000,529.2882472230272,1503
1635638400000,526.9439227746522,1504
1635724800000,524.7049325140741,1505
1635811200000,551.2885678600875,1506
1635897600000,555.3427586577659,1507
1635984000000,569.4164593460114,1508
1636070400000,561.0755439359384,1509
1636156800000,607.3883112866952,1510
1636243200000,636.0540957346044,1511
1636329600000,650.4955187419658,1512
1636416000000,654.5480093929862,1513
1636502400000,636.9276179113473,1514
1636588800000,611.442280988011,1515
1636675200000,629.7114198219757,1516
1636761600000,629.0951051768023,1517
1636848000000,652.233781780782,1518
1636934400000,654.6251958260524,1519
1637020800000,635.7060101886829,1520
1637107200000,591.3491128080688,1521
1637193600000,580.0133147253715,1522
1637280000000,530.9570129634238,1523
1637366400000,584.2926021273962,1524
1637452800000,605.5286170448769,1525
1637539200000,590.2541189074999,1526
1637625600000,559.9888491894189,1527
1637712000000,593.4866916637089,1528
1637798400000,591.4138284048736,1529
1637884800000,638.1682733737293,1530
1637971200000,585.565593002117,1531
1638057600000,598.0658826532297,1532
1638144000000,611.4482335847231,1533
1638230400000,623.8191584314648,1534
1638316800000,624.0478871415212,1535
1638403200000,627.5298135272164,1536
1638489600000,620.5070871087867,1537
1638576000000,596.4043662845299,1538
1638662400000,567.2495179476927,1539
1638748800000,555.8212703932991,1540
1638835200000,588.4348263784073,1541
1638921600000,578.5399946338938,1542
1639008000000,604.9915670300866,1543
1639094400000,574.641806152582,1544
1639180800000,553.6133877159856,1545
1639267200000,564.2782554939088,1546
1639353600000,569.0004263105781,1547
1639440000000,522.8376226690576,1548
1639526400000,527.2875946201649,1549
1639612800000,539.3565808593963,1550
1639699200000,526.9418353141148,1551
1639785600000,526.4854789150172,1552
1639872000000,536.1871682219864,1553
1639958400000,530.1187422479649,1554
1640044800000,526.5978524574593,1555
1640131200000,530.0064075047421,1556
1640217600000,534.6981367362372,1557
1640304000000,549.8265817194211,1558
1640390400000,542.6983592819216,1559
1640476800000,548.7449450690223,1560
1640563200000,547.4764999433936,1561
1640649600000,564.6778030444042,1562
1640736000000,536.1753306823955,1563
1640822400000,514.1864863211885,1564
1640908800000,518.3716411383205,1565
1640995200000,511.8047669798138,1566
1641081600000,528.8656538402871,1567
1641168000000,531.645840127719,1568
1641254400000,513.2364309427686,1569
1641340800000,508.80180480659266,1570
1641427200000,476.57900201689165,1571
1641513600000,474.7851450069993,1572
1641600000000,448.57883955435494,1573
1641686400000,430.92942233592515,1574
1641772800000,439.156625815727,1575
1641859200000,425.3108797625643,1576
1641945600000,463.4275547369332,1577
1642032000000,486.90638492744864,1578
1642118400000,476.5975674395728,1579
1642204800000,490.0587450233676,1580
1642291200000,495.22486715749994,1581
1642377600000,498.59986069893665,1582
1642464000000,476.3945519061945,1583
1642550400000,471.75845097802204,1584
1642636800000,464.38929629781495,1585
1642723200000,441.5417572067395,1586
1642809600000,383.86404934716313,1587
1642896000000,359.0134419494436,1588
1642982400000,383.3773709361465,1589
1643068800000,372.5032006223924,1590
1643155200000,385.1048428042205,1591
1643241600000,376.4547135125805,1592
1643328000000,391.3431655632998,1593
1643414400000,386.6374670963409,1594
1643500800000,390.1593565970201,1595
1643587200000,378.3370193560595,1596
1643673600000,376.51047776345945,1597
1643760000000,386.42137000970774,1598
1643846400000,367.78060888976273,1599
1643932800000,370.67591619482783,1600
1644019200000,400.05369289690856,1601
1644105600000,414.64214989920873,1602
1644192000000,419.7392671915181,1603
1644278400000,433.95641989576353,1604
1644364800000,409.4113755057999,1605
1644451200000,422.31035806309245,1606
1644537600000,415.5170960475197,1607
1644624000000,400.9747011099451,1608
1644710400000,403.39577764667735,1609
1644796800000,399.29362973121937,1610
1644883200000,403.57720920349806,1611
1644969600000,433.47281446401036,1612
1645056000000,428.8180875718536,1613
1645142400000,402.6685524727072,1614
1645228800000,399.96396483573227,1615
1645315200000,400.6940738297616,1616
1645401600000,381.5753630415743,1617
1645488000000,356.95637673151066,1618
1645574400000,374.4295685151946,1619
1645660800000,367.5251688253597,1620
1645747200000,361.3380734966986,1621
1645833600000,375.03608137178696,1622
1645920000000,373.7079661445891,1623
1646006400000,361.2948659522814,1624
1646092800000,395.81210282228517,1625
1646179200000,409.35284973272474,1626
1646265600000,409.2816691541611,1627
1646352000000,402.97758410846944,1628
1646438400000,375.0267575042342,1629
1646524800000,385.44055544847913,1630
1646611200000,375.2821061110737,1631
1646697600000,381.519857500964,1632
1646784000000,381.74362262533583,1633
1646870400000,393.61178701657997,1634
1646956800000,371.96825460939016,1635
1647043200000,372.36543603264835,1636
1647129600000,372.861142791542,1637
1647216000000,362.3421368408956,1638
1647302400000,372.9835915188982,1639
1647388800000,371.5510664751932,1640
1647475200000,385.651946371343,1641
1647561600000,392.37620805338537,1642
1647648000000,397.6323146779455,1643
1647734400000,399.60386256909703,1644
1647820800000,390.73393615164787,1645
1647907200000,396.4847041639013,1646
1647993600000,403.974420320891,1647
1648080000000,407.7264488090159,1648
1648166400000,413.5199383599232,1649
1648252800000,410.97060844052277,1650
1648339200000,415.64086101303536,1651
1648425600000,429.7920415860487,1652
1648512000000,429.884089355581,1653
1648598400000,434.26913259375914,1654
1648684800000,442.79274502324165,1655
1648771200000,428.7633719999265,1656
1648857600000,446.51720877896327,1657
1648944000000,436.6346092948738,1658
1649030400000,449.0517773445914,1659
1649116800000,447.4021754279126,1660
1649203200000,446.6928276583855,1661
1649289600000,420.5214175354114,1662
1649376000000,437.09242241473214,1663
1649462400000,421.46865244846873,1664
1649548800000,426.92155320889725,1665
1649635200000,419.82285192759065,1666
1649721600000,394.05470314772543,1667
1649808000000,414.5915061665852,1668
1649894400000,423.54287679551277,1669
1649980800000,415.2804961631375,1670
1650067200000,417.5653550897319,1671
1650153600000,417.7292561292627,1672
1650240000000,407.52660227622914,1673
1650326400000,416.9236775343864,1674
1650412800000,422.18168588996065,1675
1650499200000,418.2972967410871,1676
1650585600000,405.007526363807,1677
1650672000000,407.29828768348585,1678
1650758400000,401.8406948222838,1679
1650844800000,399.06907472547033,1680
1650931200000,404.60678401197765,1681
1651017600000,385.02761250551754,1682
1651104000000,391.2855429453306,1683
1651190400000,406.3266878708985,1684
1651276800000,392.9643749272761,1685
1651363200000,378.73468452228144,1686
1651449600000,390.8651456422927,1687
1651536000000,389.8047599149916,1688
1651622400000,383.7098536711533,1689
1651708800000,402.61952046900893,1690
1651795200000,379.21236440130934,1691
1651881600000,379.81681129021393,1692
1651968000000,366.25622157917917,1693
1652054400000,355.66558193095045,1694
1652140800000,301.28375582072573,1695
1652227200000,318.9583938325508,1696
1652313600000,269.00669656703536,1697
1652400000000,269.77280092605076,1698
1652486400000,291.05538401729126,1699
1652572800000,298.3592181960573,1700
1652659200000,311.97562672862404,1701
1652745600000,298.1658192080871,1702
1652832000000,306.5358434449809,1703
1652918400000,288.249178406239,1704
1653004800000,307.630493551344,1705
1653091200000,302.90843357288986,1706
1653177600000,312.8154289324993,1707
1653264000000,319.8494390456595,1708
1653350400000,317.7471875282028,1709
1653436800000,328.2995872481599,1710
1653523200000,326.18222222703326,1711
1653609600000,307.82419266656734,1712
1653696000000,301.2670509597398,1713
1653782400000,309.0366097163039,1714
1653868800000,306.1490273925443,1715
1653955200000,322.18861424458186,1716
1654041600000,321.67744750510934,1717
1654128000000,300.88079134417956,1718
1654214400000,308.08906672268705,1719
1654300800000,298.447625033423,1720
1654387200000,301.8449199848928,1721
1654473600000,298.81564352419537,1722
1654560000000,295.58954661325384,1723
1654646400000,290.92534560918034,1724
1654732800000,288.97600349986436,1725
1654819200000,289.8022594010039,1726
1654905600000,286.08123055198695,1727
1654992000000,269.8646190688167,1728
1655078400000,256.08280782231475,1729
1655164800000,222.63775191295326,1730
1655251200000,223.45425894845545,1731
1655337600000,232.69666343500458,1732
1655424000000,209.83372009937108,1733
1655510400000,216.15306665313966,1734
1655596800000,197.37650625175277,1735
1655683200000,214.7703823312349,1736
1655769600000,217.19294624056735,1737
1655856000000,219.48024051321624,1738
1655942400000,214.5688252429915,1739
1656028800000,229.08407350667895,1740
1656115200000,240.94640906164074,1741
1656201600000,239.91745669093254,1742
1656288000000,234.53219725407885,1743
1656374400000,233.84128189085368,1744
1656460800000,227.0175546473871,1745
1656547200000,219.36837150484993,1746
1656633600000,217.01586503213366,1747
1656720000000,217.73329223722033,1748
1656806400000,218.25819305122232,1749
1656892800000,219.35414892807725,1750
1656979200000,231.65062433904396,1751
1657065600000,230.74940984289344,1752
1657152000000,238.82078337513795,1753
1657238400000,241.78216105844197,1754
1657324800000,242.55569956888655,1755
1657411200000,243.05905629743194,1756
1657497600000,234.78403672128502,1757
1657584000000,225.96072062483077,1758
1657670400000,221.5215445947843,1759
1657756800000,230.44249662692448,1760
1657843200000,238.36968523101555,1761
1657929600000,238.4973062557798,1762
1658016000000,249.39564994191502,1763
1658102400000,248.19162914543435,1764
1658188800000,264.1063233808582,1765
1658275200000,268.38724240866617,1766
1658361600000,258.9692212292539,1767
1658448000000,265.2737508667017,1768
1658534400000,262.63868687491663,1769
1658620800000,259.4633930401048,1770
1658707200000,262.12520563968855,1771
1658793600000,247.10409715850267,1772
1658880000000,248.85123503979386,1773
1658966400000,270.305244098005,1774
1659052800000,276.4679544715501,1775
1659139200000,294.54662157281666,1776
1659225600000,287.36216457951184,1777
1659312000000,283.91540739722217,1778
1659398400000,284.0950606612527,1779
1659484800000,284.85832039422485,1780
1659571200000,298.49185693478915,1781
1659657600000,310.8835795429203,1782
1659744000000,314.7557202157418,1783
1659830400000,315.5149407134086,1784
1659916800000,323.2333944550063,1785
1660003200000,324.9310209829221,1786
1660089600000,325.52182160661977,1787
1660176000000,327.76851073965094,1788
1660262400000,323.6498506977299,1789
1660348800000,327.3379259505562,1790
1660435200000,323.8887239808326,1791
1660521600000,317.7019877250016,1792
1660608000000,319.97483545151,1793
1660694400000,316.69840043102874,1794
1660780800000,306.6392868905775,1795
1660867200000,298.6006995468838,1796
1660953600000,279.9778137568797,1797
1661040000000,283.656155240003,1798
1661126400000,303.0151479538937,1799
1661212800000,301.1561361796223,1800
1661299200000,299.463376750775,1801
1661385600000,296.41961244603993,1802
1661472000000,301.8177863704008,1803
1661558400000,279.40642417965796,1804
1661644800000,277.85418929875823,1805
1661731200000,277.7793667633549,1806
1661817600000,286.40738466251423,1807
1661904000000,281.2938188285588,1808
1661990400000,278.5787490121518,1809
1662076800000,278.86798697362656,1810
1662163200000,276.7779042811536,1811
1662249600000,277.51831028933856,1812
1662336000000,278.75305282032576,1813
1662422400000,276.55056282410976,1814
1662508800000,264.03727128242207,1815
1662595200000,278.77305020211605,1816
1662681600000,280.55767662394817,1817
1662768000000,293.0262178865758,1818
1662854400000,297.5308790857409,1819
1662940800000,294.75802344365405,1820
1663027200000,293.0265876719509,1821
1663113600000,277.42108371784286,1822
1663200000000,279.72005694926696,1823
1663286400000,270.7297215251866,1824
1663372800000,274.3496322710761,1825
1663459200000,279.33610940451564,1826
1663545600000,266.6233589428211,1827
1663632000000,272.294397316546,1828
1663718400000,266.30872419092697,1829
1663804800000,264.6430723796989,1830
1663891200000,275.9416807858792,1831
1663977600000,276.54453165257104,1832
1664064000000,275.43957294082526,1833
1664150400000,274.0886174359959,1834
1664236800000,275.6450211777494,1835
1664323200000,272.5502043464818,1836
1664409600000,281.35816084815264,1837
1664496000000,283.74872314150554,1838
1664582400000,284.0074317083427,1839
1664668800000,282.86981249850436,1840
1664755200000,284.943142563058,1841
1664841600000,287.0239733773218,1842
1664928000000,296.4786138635916,1843
1665014400000,293.994765712581,1844
1665100800000,284.6831470938366,1845
1665187200000,282.1380761233629,1846
1665273600000,276.20000444263593,1847
1665360000000,278.21101434456375,1848
1665446400000,271.8858994634033,1849
1665532800000,271.36643087829793,1850
1665619200000,270.9230856875024,1851
1665705600000,271.8081703675306,1852
1665792000000,269.2012020625651,1853
1665878400000,268.8115135474888,1854
1665964800000,272.359699567604,1855
1666051200000,275.81935662561193,1856
1666137600000,273.35214811973776,1857
1666224000000,271.62616712300417,1858
1666310400000,268.96503251364254,1859
1666396800000,269.96653990650645,1860
1666483200000,270.4364471259337,1861
1666569600000,276.01957645652334,1862
1666656000000,273.65519384649673,1863
1666742400000,285.15419202713457,1864
1666828800000,290.2230866189964,1865
1666915200000,287.011074547805,1866
1667001600000,297.70435875192106,1867
1667088000000,303.65754404105,1868
1667174400000,313.60056079900215,1869
1667260800000,326.32149655475104,1870
1667347200000,324.69417703745535,1871
1667433600000,320.2613946314507,1872
1667520000000,329.5846389937549,1873
1667606400000,352.9461579035513,1874
1667692800000,348.70361246682364,1875
1667779200000,340.8931520879805,1876
1667865600000,337.0016536650197,1877
1667952000000,330.6993295780715,1878
1668038400000,264.0156828418253,1879
1668124800000,303.54990812229,1880
1668211200000,291.0495603067069,1881
1668297600000,281.77897038510287,1882
1668384000000,276.6320889673084,1883
1668470400000,278.40397281014515,1884
1668556800000,277.1353122741133,1885
1668643200000,272.25465844602024,1886
1668729600000,268.14985634550976,1887
1668816000000,274.0765267565594,1888
1668902400000,272.3602662535667,1889
1668988800000,264.40273888614735,1890
1669075200000,254.40350517616608,1891
1669161600000,266.35995578420506,1892
1669248000000,297.75275343880065,1893
1669334400000,300.7303265004611,1894
1669420800000,300.8092123894143,1895
1669507200000,311.24459933429426,1896
1669593600000,307.5693272734675,1897
1669680000000,293.64957881359106,1898
1669766400000,296.4125819335669,1899
1669852800000,301.70616571685736,1900
1669939200000,292.0902464905152,1901
1670025600000,292.771285723617,1902
1670112000000,291.0209683080699,1903
1670198400000,292.5518415253399,1904
1670284800000,288.58893380851634,1905
1670371200000,290.1949343288683,1906
1670457600000,284.4590071248974,1907
1670544000000,290.51971654294226,1908
1670630400000,286.23231261782905,1909
1670716800000,288.0232700990562,1910
1670803200000,284.4874611576896,1911
1670889600000,276.950700638716,1912
1670976000000,272.08818853446036,1913
1671062400000,268.27919616925516,1914
1671148800000,257.2922574790732,1915
1671235200000,227.85848413813025,1916
1671321600000,242.82820622253874,1917
1671408000000,251.64525712185642,1918
1671494400000,241.19150509217152,1919
1671580800000,251.67565745784216,1920
1671667200000,245.8370886871489,1921
1671753600000,245.94863332818133,1922
1671840000000,246.22016937416416,1923
1671926400000,244.7422939771148,1924
1672012800000,243.3434175145285,1925
1672099200000,243.75051797543173,1926
1672185600000,246.44461842860986,1927
1672272000000,244.03445977512936,1928
1672358400000,246.45075807104243,1929
1672444800000,245.83781124667948,1930
1672531200000,246.65936120574213,1931
1672617600000,244.06456734303708,1932
1672704000000,245.42975628242627,1933
1672790400000,246.21147125205005,1934
1672876800000,259.12811648835725,1935
1672963200000,256.4740131558113,1936
1673049600000,259.80063819702076,1937
1673136000000,261.3192647814156,1938
1673222400000,273.53602879922215,1939
1673308800000,272.72570123838176,1940
1673395200000,277.09901135735623,1941
1673481600000,285.4685940120304,1942
1673568000000,287.38588820938793,1943
1673654400000,294.1442843030924,1944
1673740800000,305.80593437211155,1945
1673827200000,301.70933600413946,1946
1673913600000,298.8973192510195,1947
1674000000000,300.1861465904951,1948
1674086400000,287.7064487280841,1949
1674172800000,294.75015635498556,1950
1674259200000,304.9491185578326,1951
1674345600000,298.95597595248256,1952
1674432000000,303.1682033719517,1953
1674518400000,306.08614395630946,1954
1674604800000,300.5596006860807,1955
1674691200000,307.0870836154322,1956
1674777600000,304.8876268040751,1957
1674864000000,308.46491509629993,1958
1674950400000,305.9476086163142,1959
1675036800000,317.3058436293438,1960
1675123200000,307.0579942811479,1961
1675209600000,312.5124111003879,1962
1675296000000,317.6478001387411,1963
1675382400000,325.4378607655227,1964
1675468800000,332.2759598355965,1965
1675555200000,330.84808057164304,1966
1675641600000,327.66158500544736,1967
1675728000000,324.9705115670021,1968
1675814400000,333.3934671331275,1969
1675900800000,328.36524001800655,1970
1675987200000,305.7504764007344,1971
1676073600000,305.922777928334,1972
1676160000000,310.9946900861517,1973
1676246400000,313.54894548425904,1974
1676332800000,293.31853536451445,1975
1676419200000,296.2006166788949,1976
1676505600000,317.253716942579,1977
1676592000000,306.7607705486582,1978
1676678400000,313.67158841558035,1979
1676764800000,316.2076873945047,1980
1676851200000,311.35437639872123,1981
1676937600000,314.9405352551521,1982
1677024000000,311.0758832548785,1983
1677110400000,312.4648086454937,1984
1677196800000,308.513806240444,1985
1677283200000,301.8300281763101,1986
1677369600000,302.13581645970845,1987
1677456000000,308.57409402196856,1988
1677542400000,304.5602014720987,1989
1677628800000,301.3031642449634,1990
1677715200000,303.18231804025635,1991
1677801600000,299.82054496141643,1992
1677888000000,290.21813598226385,1993
1677974400000,289.16643388317925,1994
1678060800000,288.6204867584976,1995
1678147200000,288.02165310030506,1996
1678233600000,289.2451007399085,1997
1678320000000,286.68710815664497,1998
1678406400000,277.48988936682974,1999
1678492800000,277.03259060245836,2000
1678579200000,275.7372051266238,2001
1678665600000,289.79025154468764,2002
1678752000000,308.71850158096544,2003
1678838400000,309.5761716774615,2004
1678924800000,307.7201385505735,2005
1679011200000,331.5288953276436,2006
1679097600000,339.76378777560984,2007
1679184000000,333.0317288963574,2008
1679270400000,337.45214925735536,2009
1679356800000,335.5951089488217,2010
1679443200000,336.8928482178094,2011
1679529600000,323.6013052701185,2012
1679616000000,331.2478886780775,2013
1679702400000,324.0768103181536,2014
1679788800000,324.552364038878,2015
1679875200000,329.1465152858932,2016
1679961600000,311.51206106495783,2017
1680048000000,313.57729882917005,2018
1680134400000,314.1509386529665,2019
1680220800000,317.1206678790712,2020
1680307200000,317.2601152578647,2021
1680393600000,315.083596866553,2022
1680480000000,314.11173852441664,2023
1680566400000,308.84608796598565,2024
1680652800000,310.988227582093,2025
1680739200000,314.2767608833873,2026
1680825600000,312.3686479069641,2027
1680912000000,310.82580938612404,2028
1680998400000,310.6618311940004,2029
1681084800000,313.01127725660405,2030
1681171200000,318.2263191867679,2031
1681257600000,322.7311673468567,2032
1681344000000,320.2858565160031,2033
1681430400000,325.0341443090158,2034
1681516800000,328.9755384219034,2035
1681603200000,333.266296467958,2036
1681689600000,347.8655893098676,2037
1681776000000,340.03004651198586,2038
1681862400000,343.00901173127,2039
1681948800000,322.34716571708833,2040
1682035200000,317.77556938892235,2041
1682121600000,321.60421889024843,2042
1682208000000,332.41201969037337,2043
1682294400000,330.68001375587465,2044
1682380800000,331.1471066323074,2045
1682467200000,339.0962537117164,2046
1682553600000,330.4372156836176,2047
1682640000000,331.5148364790334,2048
1682726400000,324.4799022382828,2049
1682812800000,321.77391168866126,2050
1682899200000,337.6215212994704,2051
1682985600000,328.9725550089708,2052
1683072000000,322.2059436368959,2053
1683158400000,326.01182088942784,2054
1683244800000,323.82421148772386,2055
1683331200000,326.82490276030387,2056
1683417600000,322.6977535410197,2057
1683504000000,322.3089028714367,2058
1683590400000,313.94156856920586,2059
1683676800000,312.1294017311269,2060
1683763200000,314.5751738652739,2061
1683849600000,307.78799868357,2062
1683936000000,308.60026080268045,2063
1684022400000,311.03920511777085,2064
1684108800000,311.9023438460837,2065
1684195200000,313.9375856517256,2066
1684281600000,311.45925112822425,2067
1684368000000,313.9516100120125,2068
1684454400000,309.50065949334936,2069
1684540800000,308.9792844963675,2070
1684627200000,310.4705257328921,2071
1684713600000,306.56123208325135,2072
1684800000000,309.2577489066656,2073
1684886400000,313.45861780739114,2074
1684972800000,305.9640462400946,2075
1685059200000,304.6880643024019,2076
1685145600000,307.1453631766937,2077
1685232000000,307.45404033044167,2078
1685318400000,314.3365132543216,2079
1685404800000,311.5659470891866,2080
1685491200000,311.6037345433532,2081
1685577600000,307.0113284146113,2082
1685664000000,304.98131566266824,2083
1685750400000,307.29717562663143,2084
1685836800000,306.6583611040192,2085
1685923200000,305.5738864105766,2086
1686009600000,276.9408430478417,2087
1686096000000,281.46996949499373,2088
1686182400000,259.2252983528142,2089
1686268800000,262.16808943375315,2090
1686355200000,260.405386752611,2091
1686441600000,239.26532692153265,2092
1686528000000,235.19926326722918,2093
1686614400000,231.06630754591316,2094
1686700800000,243.25213391867743,2095
1686787200000,237.5081834479831,2096
1686873600000,236.09705812720446,2097
1686960000000,239.03627032421315,2098
1687046400000,244.4266812236501,2099
1687132800000,244.00266831846955,2100
1687219200000,242.74072631083445,2101
1687305600000,247.32277891367147,2102
1687392000000,249.3582360058018,2103
1687478400000,240.91804260945503,2104
1687564800000,244.2997245266534,2105
1687651200000,236.50651116456146,2106
1687737600000,238.73962724639145,2107
1687824000000,236.17031917814325,2108
1687910400000,237.49634068516482,2109
1687996800000,230.4980397149236,2110
1688083200000,233.4062024955106,2111
1688169600000,240.51544100177406,2112
1688256000000,247.34642839040404,2113
1688342400000,245.63090718844742,2114
1688428800000,246.03229839160534,2115
1688515200000,242.477384029452,2116
1688601600000,238.86260681523098,2117
1688688000000,232.49627190853633,2118
1688774400000,235.33889258566464,2119
1688860800000,236.1554319712681,2120
1688947200000,234.14041889085686,2121
1689033600000,245.43929822601103,2122
1689120000000,248.39835615416442,2123
1689206400000,244.26861534786934,2124
1689292800000,255.7882914766138,2125
1689379200000,247.69585426653344,2126
1689465600000,251.0929864734874,2127
1689552000000,242.7494914153577,2128
1689638400000,244.19716787444656,2129
1689724800000,240.27093045084683,2130
1689811200000,241.3327728931399,2131
1689897600000,242.62477719670818,2132
1689984000000,243.7688418945168,2133
1690070400000,240.53785227248912,2134
1690156800000,242.38142443213383,2135
1690243200000,238.96549444977495,2136
1690329600000,237.73034722946028,2137
1690416000000,239.02009171510338,2138
1690502400000,240.41736659584296,2139
1690588800000,241.85782548004366,2140
1690675200000,242.5563254026864,2141
1690761600000,242.5403316925359,2142
1690848000000,241.19355696466522,2143
1690934400000,247.42873652130356,2144
1691020800000,240.3790076127766,2145
1691107200000,241.14378745446638,2146
1691193600000,241.49220755981716,2147
1691280000000,242.88197000996811,2148
1691366400000,242.57499805629092,2149
1691452800000,241.73842465058874,2150
1691539200000,245.17942748941834,2151
1691625600000,244.01031482836078,2152
1691712000000,241.2319119151888,2153
1691748111000,240.12358711499252,2154
