matic market_cap,matic price,dia
1556323200000,0.005470458299220707,0
1556409600000,0.005207030741745718,1
1556496000000,0.0043809965092268125,2
1556582400000,0.0035276874041553726,3
1556668800000,0.004395773226587837,4
1556755200000,0.004329784808540857,5
1556841600000,0.004193112059507956,6
1556928000000,0.004224852324483694,7
1557014400000,0.0039389381418024816,8
1557100800000,0.0037306798850975276,9
1557187200000,0.0037703573823272924,10
1557273600000,0.0034777878687029386,11
1557360000000,0.0032943096729554943,12
1557446400000,0.003143762979229793,13
1557532800000,0.003763312422839745,14
1557619200000,0.004670115092453859,15
1557705600000,0.005218062375747743,16
1557792000000,0.008771439775532169,17
1557878400000,0.007717692444279263,18
1557964800000,0.00957628136344939,19
1558051200000,0.010889454739030588,20
1558137600000,0.014521189912462665,21
1558224000000,0.01234462149027778,22
1558310400000,0.020172912698865224,23
1558396800000,0.030190717212877444,24
1558483200000,0.028913648277292675,25
1558569600000,0.02169048924254803,26
1558656000000,0.02663500604230838,27
1558742400000,0.025595960114327222,28
1558828800000,0.02502797665936501,29
1558915200000,0.024397479508656287,30
1559001600000,0.022289453000732692,31
1559088000000,0.023761635754138758,32
1559174400000,0.022118548256102752,33
1559260800000,0.01971449651124225,34
1559347200000,0.02300462440600146,35
1559433600000,0.021409017137042057,36
1559520000000,0.020158085424526483,37
1559606400000,0.019799638884990287,38
1559692800000,0.02101781204643477,39
1559779200000,0.022966122830628908,40
1559865600000,0.023380650931131338,41
1559952000000,0.02439035583413357,42
1560038400000,0.026258675690796388,43
1560124800000,0.025759263519942614,44
1560211200000,0.02737700117050995,45
1560297600000,0.02380433556861,46
1560384000000,0.023710133343086148,47
1560470400000,0.0232212275070925,48
1560556800000,0.021151822769608322,49
1560643200000,0.022564048745833867,50
1560729600000,0.02314670515669152,51
1560816000000,0.021710355514659194,52
1560902400000,0.0223922266756101,53
1560988800000,0.02309069796664873,54
1561075200000,0.02259968288112068,55
1561161600000,0.021190606751222,56
1561248000000,0.021885627758767033,57
1561334400000,0.02111757598220513,58
1561420800000,0.020723672674110443,59
1561507200000,0.019158140179115855,60
1561593600000,0.01788664072228165,61
1561680000000,0.019414255484757125,62
1561766400000,0.01928801559399202,63
1561852800000,0.023876566692411755,64
1561939200000,0.02195680098774727,65
1562025600000,0.022335406310262814,66
1562112000000,0.021607580376026954,67
1562198400000,0.019345337537531346,68
1562284800000,0.018106594477698478,69
1562371200000,0.01839574877656693,70
1562457600000,0.017712131849654995,71
1562544000000,0.017703511709679747,72
1562630400000,0.016688509354315095,73
1562716800000,0.0161873635371264,74
1562803200000,0.01623179820490713,75
1562889600000,0.01446671453258537,76
1562976000000,0.015780378304293505,77
1563062400000,0.016644659560562457,78
1563148800000,0.014369554806469774,79
1563235200000,0.013875669079358093,80
1563321600000,0.012095696675992276,81
1563408000000,0.013190027511248028,82
1563494400000,0.013653930095044347,83
1563580800000,0.013431660460785168,84
1563667200000,0.014018082009204983,85
1563753600000,0.01342678251319012,86
1563840000000,0.012756641184267016,87
1563926400000,0.011570307158907079,88
1564012800000,0.011973424158020612,89
1564099200000,0.012192110402562148,90
1564185600000,0.012745861413031958,91
1564272000000,0.011938400726928896,92
1564358400000,0.01175807216250973,93
1564444800000,0.011436872586054069,94
1564531200000,0.01149077029397061,95
1564617600000,0.01135779248663543,96
1564704000000,0.01062797759007588,97
1564790400000,0.011089687697989795,98
1564876800000,0.010635447441703682,99
1564963200000,0.01022661029013871,100
1565049600000,0.011703940872436737,101
1565136000000,0.015314422773079334,102
1565222400000,0.016879049749995857,103
1565308800000,0.014277317039784857,104
1565395200000,0.012264416632172247,105
1565481600000,0.014927053710683265,106
1565568000000,0.016469527741153612,107
1565654400000,0.01709743897923698,108
1565740800000,0.016506564404594293,109
1565827200000,0.014760442226436644,110
1565913600000,0.014610149717631577,111
1566000000000,0.013327166721978779,112
1566086400000,0.014098842111378521,113
1566172800000,0.013878509634899339,114
1566259200000,0.01546653209966227,115
1566345600000,0.01573045122893184,116
1566432000000,0.015437552443138821,117
1566518400000,0.016875036035953122,118
1566604800000,0.015464257170877573,119
1566691200000,0.01482228233468403,120
1566777600000,0.013629162831136915,121
1566864000000,0.013883853698299817,122
1566950400000,0.014201219927238218,123
1567036800000,0.012893061826979782,124
1567123200000,0.011679408692837283,125
1567209600000,0.012369776656154423,126
1567296000000,0.011795745746797872,127
1567382400000,0.012193502686759589,128
1567468800000,0.013596088214883551,129
1567555200000,0.014310594658336201,130
1567641600000,0.014111626232608818,131
1567728000000,0.014825444713958403,132
1567814400000,0.013617082870746828,133
1567900800000,0.013731835926265671,134
1567987200000,0.013837875581000586,135
1568073600000,0.014121608696800231,136
1568160000000,0.013516665661046909,137
1568246400000,0.013135360810497067,138
1568332800000,0.012900908538968501,139
1568419200000,0.012930043850706122,140
1568505600000,0.013103344811095404,141
1568592000000,0.012821936152503547,142
1568678400000,0.012886486854132365,143
1568764800000,0.01345148321170463,144
1568851200000,0.014282463621980072,145
1568937600000,0.013723840461429456,146
1569024000000,0.013622184629658933,147
1569110400000,0.013357191177527273,148
1569196800000,0.012331307865190103,149
1569283200000,0.01229811774414553,150
1569369600000,0.011181701016741387,151
1569456000000,0.011014347344391516,152
1569542400000,0.010630801726516164,153
1569628800000,0.01083646846580625,154
1569715200000,0.011144886959990928,155
1569801600000,0.010891269346512397,156
1569888000000,0.010820643795761357,157
1569974400000,0.010832865372214997,158
1570060800000,0.010832865372214997,159
1570147200000,0.010666303907737623,160
1570233600000,0.010649642564851835,161
1570320000000,0.010640580636950099,162
1570406400000,0.010307901294193865,163
1570492800000,0.010900339907994295,164
1570579200000,0.0123544141440897,165
1570665600000,0.014343556423973959,166
1570752000000,0.016159425102899555,167
1570838400000,0.016065104583166026,168
1570924800000,0.015589607584215131,169
1571011200000,0.014976476381847412,170
1571097600000,0.015251836005200291,171
1571184000000,0.014360097743323402,172
1571270400000,0.013919962093687633,173
1571356800000,0.01428100194497753,174
1571443200000,0.01335471294032692,175
1571529600000,0.013841962391857086,176
1571616000000,0.01383909227637861,177
1571702400000,0.014900681490320415,178
1571788800000,0.014503058925983739,179
1571875200000,0.013262387930048265,180
1571961600000,0.013513154247534779,181
1572048000000,0.014343449573140182,182
1572134400000,0.013531609090456156,183
1572220800000,0.014028280407172139,184
1572307200000,0.014085966571278937,185
1572393600000,0.014057760186646028,186
1572480000000,0.013414436882867562,187
1572566400000,0.013570122310788446,188
1572652800000,0.013759857292902584,189
1572739200000,0.013555917002926006,190
1572825600000,0.013511341153248051,191
1572912000000,0.01429708314795095,192
1572998400000,0.01470331057647373,193
1573084800000,0.014434423836348444,194
1573171200000,0.015092340316366448,195
1573257600000,0.01438148430968262,196
1573344000000,0.014915997723122498,197
1573430400000,0.01570118296183381,198
1573516800000,0.01537669502413616,199
1573603200000,0.014886648686227468,200
1573689600000,0.014931758866844586,201
1573776000000,0.014425888064952472,202
1573862400000,0.013826212092728829,203
1573948800000,0.014382474206857992,204
1574035200000,0.014305688248747332,205
1574121600000,0.014014715282937582,206
1574208000000,0.014843406128068169,207
1574294400000,0.014316624696292645,208
1574380800000,0.014251583897216202,209
1574467200000,0.014030851767592573,210
1574553600000,0.016697178630383062,211
1574640000000,0.01511442181153563,212
1574726400000,0.020193938598043613,213
1574812800000,0.020771791437875095,214
1574899200000,0.024420014993418525,215
1574985600000,0.022733853229903133,216
1575072000000,0.0244949776581236,217
1575158400000,0.028654024875429396,218
1575244800000,0.026435719423702993,219
1575331200000,0.026354957438810257,220
1575417600000,0.02928316428480084,221
1575504000000,0.031907088861719377,222
1575590400000,0.033049897865125695,223
1575676800000,0.04118666643588722,224
1575763200000,0.03888138935384396,225
1575849600000,0.041366728617037586,226
1575936000000,0.03401690213303802,227
1576022400000,0.01731987430461703,228
1576108800000,0.017842994806230764,229
1576195200000,0.015741366683339135,230
1576281600000,0.01598578608193252,231
1576368000000,0.013641242240613615,232
1576454400000,0.01421681076660729,233
1576540800000,0.013224981658118659,234
1576627200000,0.01207809929429189,235
1576713600000,0.012671161118267302,236
1576800000000,0.013102509002780944,237
1576886400000,0.015438638850463943,238
1576972800000,0.01801053347270045,239
1577059200000,0.016180903524844033,240
1577145600000,0.015027940365994289,241
1577232000000,0.01616330929856377,242
1577318400000,0.015629332880358195,243
1577404800000,0.01558260234161034,244
1577491200000,0.015248359183685296,245
1577577600000,0.014961911121049807,246
1577664000000,0.014739535131173235,247
1577750400000,0.014274145890964247,248
1577836800000,0.013764533923905864,249
1577923200000,0.014922304890283535,250
1578009600000,0.014646566645597891,251
1578096000000,0.01511296985136974,252
1578182400000,0.014849690058685538,253
1578268800000,0.014803127027605206,254
1578355200000,0.015531090299231784,255
1578441600000,0.01506028288498506,256
1578528000000,0.014943917928196227,257
1578614400000,0.014572353578154338,258
1578700800000,0.014893048130727605,259
1578787200000,0.014764389709480172,260
1578873600000,0.0149737028279832,261
1578960000000,0.015471161884340695,262
1579046400000,0.01568499609329014,263
1579132800000,0.016294598617753196,264
1579219200000,0.01604315856635298,265
1579305600000,0.018730347887818903,266
1579392000000,0.017440992298508793,267
1579478400000,0.016371695483491315,268
1579564800000,0.016847745783316718,269
1579651200000,0.017137532286990692,270
1579737600000,0.01707492854819356,271
1579824000000,0.015919288060841835,272
1579910400000,0.016198327268023355,273
1579996800000,0.016077410433812875,274
1580083200000,0.016445686261904204,275
1580169600000,0.016847448484504583,276
1580256000000,0.01710952769061642,277
1580342400000,0.01700185602033094,278
1580428800000,0.018604505248394507,279
1580515200000,0.01789006936023127,280
1580601600000,0.01828973734820299,281
1580688000000,0.019172042537958227,282
1580774400000,0.02230851770289872,283
1580860800000,0.02109688134926824,284
1580947200000,0.02136236151118139,285
1581033600000,0.024450487326421785,286
1581120000000,0.023114528564988503,287
1581206400000,0.0211626342416631,288
1581292800000,0.022002437761398343,289
1581379200000,0.02160899201441285,290
1581465600000,0.022788113069265356,291
1581552000000,0.02292015683687335,292
1581638400000,0.022232913658895424,293
1581724800000,0.023219302153597406,294
1581811200000,0.020798407033847912,295
1581897600000,0.020216117360524293,296
1581984000000,0.020028648322064975,297
1582070400000,0.02150914760412859,298
1582156800000,0.019951858138063293,299
1582243200000,0.020649316877981,300
1582329600000,0.02070010981817818,301
1582416000000,0.020738147281666508,302
1582502400000,0.02231384353321984,303
1582588800000,0.020723549488468544,304
1582675200000,0.01917063137380871,305
1582761600000,0.01847680616610065,306
1582848000000,0.019599898561576096,307
1582934400000,0.020219527585624546,308
1583020800000,0.020186743742056392,309
1583107200000,0.019450363861492063,310
1583193600000,0.02132082403555631,311
1583280000000,0.023597079673922924,312
1583366400000,0.024736986304291428,313
1583452800000,0.026267287608054333,314
1583539200000,0.02487677697584588,315
1583625600000,0.026878879616722515,316
1583712000000,0.02151045077745613,317
1583798400000,0.020428526568478562,318
1583884800000,0.020592592363823724,319
1583971200000,0.019013712954270647,320
1584057600000,0.009433733700523512,321
1584144000000,0.010752261621527771,322
1584230400000,0.009872529360329564,323
1584316800000,0.0098792848013721,324
1584403200000,0.008165692859318226,325
1584489600000,0.009262443899462723,326
1584576000000,0.00912367247367838,327
1584662400000,0.01118450687893067,328
1584748800000,0.010818518552931191,329
1584835200000,0.01110287195064533,330
1584921600000,0.010058751367945245,331
1585008000000,0.011173782129145013,332
1585094400000,0.011275893520004195,333
1585180800000,0.011477450665353918,334
1585267200000,0.01191946664753606,335
1585353600000,0.010799450772229985,336
1585440000000,0.010667359469437662,337
1585526400000,0.01006954671692075,338
1585612800000,0.01078092436581924,339
1585699200000,0.011011991489768544,340
1585785600000,0.011270735259214534,341
1585872000000,0.011537449057245583,342
1585958400000,0.011536187443540558,343
1586044800000,0.011738520575620892,344
1586131200000,0.011447088107986819,345
1586217600000,0.013404483360208925,346
1586304000000,0.012899687300684335,347
1586390400000,0.013728736715014315,348
1586476800000,0.01351101946723529,349
1586563200000,0.012015275957810536,350
1586649600000,0.012222629702698409,351
1586736000000,0.012226803214930521,352
1586822400000,0.012029996719812286,353
1586908800000,0.012190535928328557,354
1586995200000,0.01164680462945934,355
1587081600000,0.012579577220395512,356
1587168000000,0.01276818077539087,357
1587254400000,0.0134126450742875,358
1587340800000,0.012957783041463854,359
1587427200000,0.01207716911987609,360
1587513600000,0.012009737272868967,361
1587600000000,0.012783154440848219,362
1587686400000,0.014130002706597557,363
1587772800000,0.014672320797617017,364
1587859200000,0.01507123388736975,365
1587945600000,0.015630479854707106,366
1588032000000,0.015424723598786303,367
1588118400000,0.015656324374923505,368
1588204800000,0.01643478935943147,369
1588291200000,0.015435200273453449,370
1588377600000,0.015880361955037163,371
1588464000000,0.016907776092232048,372
1588550400000,0.017112070737695082,373
1588636800000,0.016952151979320238,374
1588723200000,0.016966759145876077,375
1588809600000,0.017047361197097346,376
1588896000000,0.017426513765292223,377
1588982400000,0.017880742814069105,378
1589068800000,0.017262676176305787,379
1589155200000,0.015371296335348237,380
1589241600000,0.015036472323578735,381
1589328000000,0.016908281953927084,382
1589414400000,0.019222960990041487,383
1589500800000,0.019043268005814754,384
1589587200000,0.018084279241414408,385
1589673600000,0.02003075948907017,386
1589760000000,0.020261019132713262,387
1589846400000,0.020588680912678202,388
1589932800000,0.02217760761957994,389
1590019200000,0.02083440348925488,390
1590105600000,0.019211381065053212,391
1590192000000,0.019934234106804248,392
1590278400000,0.020065128681545724,393
1590364800000,0.019427388590226736,394
1590451200000,0.021183088359893396,395
1590537600000,0.025857382925147127,396
1590624000000,0.024356657445441063,397
1590710400000,0.02511207733256839,398
1590796800000,0.02588552168170099,399
1590883200000,0.02396138642440334,400
1590969600000,0.020384645335239173,401
1591056000000,0.021787891636921634,402
1591142400000,0.02096239179679365,403
1591228800000,0.021708782599413223,404
1591315200000,0.021457192560671107,405
1591401600000,0.020522694920549363,406
1591488000000,0.020640850444044897,407
1591574400000,0.020295905004263468,408
1591660800000,0.020275279268322028,409
1591747200000,0.020169433454384086,410
1591833600000,0.021315483234445834,411
1591920000000,0.019842102481020224,412
1592006400000,0.020407284959808824,413
1592092800000,0.020637138227303724,414
1592179200000,0.02054327783416473,415
1592265600000,0.02048275094973528,416
1592352000000,0.020597689449274748,417
1592438400000,0.020749442412855926,418
1592524800000,0.020422844712466897,419
1592611200000,0.02020727155489043,420
1592697600000,0.022569769087859178,421
1592784000000,0.021372175334946248,422
1592870400000,0.022051791387317395,423
1592956800000,0.02263289892827676,424
1593043200000,0.02226114606450011,425
1593129600000,0.02164386789349562,426
1593216000000,0.02086841119686257,427
1593302400000,0.01943119355162354,428
1593388800000,0.020000761536225924,429
1593475200000,0.01965359379056564,430
1593561600000,0.018981178894421087,431
1593648000000,0.018701821373684778,432
1593734400000,0.01887574155367975,433
1593820800000,0.019255359201248386,434
1593907200000,0.019552535358579412,435
1593993600000,0.019088849027319943,436
1594080000000,0.019958365002096863,437
1594166400000,0.020118772556316857,438
1594252800000,0.021589390539013105,439
1594339200000,0.020593584046673424,440
1594425600000,0.0211408565773767,441
1594512000000,0.021420926558344527,442
1594598400000,0.021204145618393122,443
1594684800000,0.022353980969180898,444
1594771200000,0.022359249644741033,445
1594857600000,0.022359983177312796,446
1594944000000,0.020918888747176827,447
1595030400000,0.021201702812911165,448
1595116800000,0.0215282064840525,449
1595203200000,0.021255352881707087,450
1595289600000,0.02160111803213494,451
1595376000000,0.021303427269811753,452
1595462400000,0.021204575768353797,453
1595548800000,0.021167275828035285,454
1595635200000,0.02062644097848558,455
1595721600000,0.02088766711558856,456
1595808000000,0.02075433921756086,457
1595894400000,0.0198611787817334,458
1595980800000,0.02048820478590714,459
1596067200000,0.020281696602927606,460
1596153600000,0.020434360436995806,461
1596240000000,0.0203329935345713,462
1596326400000,0.02100224964267789,463
1596412800000,0.0200382379809269,464
1596499200000,0.020442025235747025,465
1596585600000,0.020649407275890166,466
1596672000000,0.021510350984462804,467
1596758400000,0.021704276420790255,468
1596844800000,0.02133462061177145,469
1596931200000,0.022844582355992474,470
1597017600000,0.022713705570168122,471
1597104000000,0.024279212434191785,472
1597190400000,0.023067816075828005,473
1597276800000,0.02560721261871887,474
1597363200000,0.02716297790728688,475
1597449600000,0.028215237875212594,476
1597536000000,0.029976478250360074,477
1597622400000,0.030138516485523178,478
1597708800000,0.02889781731663652,479
1597795200000,0.02681713414151273,480
1597881600000,0.02487528208712424,481
1597968000000,0.02668108439100695,482
1598054400000,0.024969544902357192,483
1598140800000,0.026076959470715807,484
1598227200000,0.025341772052543565,485
1598313600000,0.02796481640263175,486
1598400000000,0.025874826740140563,487
1598486400000,0.02688295025409346,488
1598572800000,0.025728617923717445,489
1598659200000,0.02682205413526285,490
1598745600000,0.027637832315162005,491
1598832000000,0.02721483040644624,492
1598918400000,0.0266169818262307,493
1599004800000,0.025631795897721476,494
1599091200000,0.023544650333135065,495
1599177600000,0.01925562637351672,496
1599264000000,0.019429452735267812,497
1599350400000,0.018034349080880595,498
1599436800000,0.01882855047996431,499
1599523200000,0.018868366159746033,500
1599609600000,0.018223109863000034,501
1599696000000,0.020130034007059434,502
1599782400000,0.02045149976785497,503
1599868800000,0.021261657302249434,504
1599955200000,0.020937128779961844,505
1600041600000,0.019800776846394363,506
1600128000000,0.020104497200112016,507
1600214400000,0.02041065754991424,508
1600300800000,0.019904559985045294,509
1600387200000,0.020399174228416948,510
1600473600000,0.021064448271313728,511
1600560000000,0.02088932487746973,512
1600646400000,0.02188390296048471,513
1600732800000,0.018930259872443688,514
1600819200000,0.019624763562655276,515
1600905600000,0.01773658144812406,516
1600992000000,0.01897482216265004,517
1601078400000,0.01910358815260085,518
1601164800000,0.018912307088466213,519
1601251200000,0.01876114739351418,520
1601337600000,0.01889390977359841,521
1601424000000,0.01966613261470395,522
1601510400000,0.020118862215601857,523
1601596800000,0.01896173940538398,524
1601683200000,0.018236208087922187,525
1601769600000,0.018498907016112582,526
1601856000000,0.018559641824416467,527
1601942400000,0.018815050937510798,528
1602028800000,0.017167675962667005,529
1602115200000,0.01691535874895552,530
1602201600000,0.01661740608770725,531
1602288000000,0.017077636356679464,532
1602374400000,0.017189071485077353,533
1602460800000,0.01780519158811393,534
1602547200000,0.017865166467830047,535
1602633600000,0.0176642332142439,536
1602720000000,0.017249153828043904,537
1602806400000,0.01720500997242905,538
1602892800000,0.01624999824020287,539
1602979200000,0.016752562281284036,540
1603065600000,0.016860814391643452,541
1603152000000,0.016197515260616118,542
1603238400000,0.015555442484681334,543
1603324800000,0.0163413856894511,544
1603411200000,0.017369766844103674,545
1603497600000,0.017028318195485077,546
1603584000000,0.01764069315183314,547
1603670400000,0.01718692026745318,548
1603756800000,0.016525106405696908,549
1603843200000,0.015816836802781536,550
1603929600000,0.015113380122521598,551
1604016000000,0.013851278967188286,552
1604102400000,0.013935644337365863,553
1604188800000,0.013722507259146132,554
1604275200000,0.014106362426677496,555
1604361600000,0.013689973803890813,556
1604448000000,0.012728945604033731,557
1604534400000,0.012245468014036242,558
1604620800000,0.013508324962605008,559
1604707200000,0.015449502738714736,560
1604793600000,0.014361253645412684,561
1604880000000,0.01575413029073429,562
1604966400000,0.015626799960942638,563
1605052800000,0.017281963591574776,564
1605139200000,0.016574705007024456,565
1605225600000,0.015845198572097773,566
1605312000000,0.016854076011430914,567
1605398400000,0.016723843060057846,568
1605484800000,0.01641941789743346,569
1605571200000,0.016618834011457053,570
1605657600000,0.01783147331596782,571
1605744000000,0.017093581834387202,572
1605830400000,0.017232796049419474,573
1605916800000,0.01783710069768377,574
1606003200000,0.019743967079452845,575
1606089600000,0.01917954814395384,576
1606176000000,0.02112417119639252,577
1606262400000,0.021564598581799082,578
1606348800000,0.021419418287918084,579
1606435200000,0.017757409286024057,580
1606521600000,0.01772260706348374,581
1606608000000,0.01872295504932858,582
1606694400000,0.018803166704911087,583
1606780800000,0.019465782110411903,584
1606867200000,0.018737775886624737,585
1606953600000,0.019363961077213707,586
1607040000000,0.020790836291500494,587
1607126400000,0.018927864806164017,588
1607212800000,0.01968485964394236,589
1607299200000,0.019544071026225573,590
1607385600000,0.01926493478385409,591
1607472000000,0.017659070697669546,592
1607558400000,0.018138437219644542,593
1607644800000,0.01780182433195406,594
1607731200000,0.017572597936687057,595
1607817600000,0.01793474600042023,596
1607904000000,0.01815210988596128,597
1607990400000,0.018409603042330205,598
1608076800000,0.01952809043580167,599
1608163200000,0.019445703319456036,600
1608249600000,0.01901335334465339,601
1608336000000,0.02059890901183303,602
1608422400000,0.0199937848252072,603
1608508800000,0.01921912051431915,604
1608595200000,0.018246771486635678,605
1608681600000,0.018706757202015357,606
1608768000000,0.015362831029245879,607
1608854400000,0.016484056990626588,608
1608940800000,0.01661314535982658,609
1609027200000,0.019317507809037536,610
1609113600000,0.018390193903932397,611
1609200000000,0.01894935853895571,612
1609286400000,0.0184852785768305,613
1609372800000,0.018151044672524746,614
1609459200000,0.017591425479418044,615
1609545600000,0.017835341356914416,616
1609632000000,0.019044849046885647,617
1609718400000,0.0199551095767846,618
1609804800000,0.02372012318769989,619
1609891200000,0.02451036926318054,620
1609977600000,0.03489382416730843,621
1610064000000,0.033013958608264615,622
1610150400000,0.0317023682105186,623
1610236800000,0.03358631445863765,624
1610323200000,0.03042168693976294,625
1610409600000,0.026039878633699266,626
1610496000000,0.026246355851997027,627
1610582400000,0.030104752926420758,628
1610668800000,0.03281826324349183,629
1610755200000,0.03392528639237543,630
1610841600000,0.03289809501240734,631
1610928000000,0.03399423639597951,632
1611014400000,0.03604052637287162,633
1611100800000,0.032771021419746936,634
1611187200000,0.03444886651188368,635
1611273600000,0.028762051460322204,636
1611360000000,0.031354068334303764,637
1611446400000,0.034051996581474064,638
1611532800000,0.033224695828565645,639
1611619200000,0.03314900499603873,640
1611705600000,0.04321873274489467,641
1611792000000,0.04203599655737065,642
1611878400000,0.038761282788267,643
1611964800000,0.040275242828928165,644
1612051200000,0.03972360913524648,645
1612137600000,0.03819255849804683,646
1612224000000,0.04075937572029639,647
1612310400000,0.041027954686022716,648
1612396800000,0.043991962284252034,649
1612483200000,0.04723466836465532,650
1612569600000,0.05542882145256626,651
1612656000000,0.05227151682155022,652
1612742400000,0.06721440274262823,653
1612828800000,0.07177912589690887,654
1612915200000,0.09872013499405008,655
1613001600000,0.11668717655466238,656
1613088000000,0.12372854280554764,657
1613174400000,0.1212949520715051,658
1613260800000,0.1112709282742705,659
1613347200000,0.10069450352883463,660
1613433600000,0.10649802140770825,661
1613520000000,0.1088202124281014,662
1613606400000,0.11221766825746009,663
1613692800000,0.12324980625448415,664
1613779200000,0.15705579011204124,665
1613865600000,0.1459451499886792,666
1613952000000,0.16154265245380975,667
1614038400000,0.15174007396413275,668
1614124800000,0.13754087635302362,669
1614211200000,0.1599495135153836,670
1614297600000,0.17484923330730637,671
1614384000000,0.19044745781136815,672
1614470400000,0.19950905863378426,673
1614556800000,0.2244918074340248,674
1614643200000,0.2477236316798054,675
1614729600000,0.22932155596233977,676
1614816000000,0.22460813965482138,677
1614902400000,0.20060999928043455,678
1614988800000,0.21516599371593598,679
1615075200000,0.21327963753245788,680
1615161600000,0.21318008866845287,681
1615248000000,0.21748949244830643,682
1615334400000,0.2987132778715917,683
1615420800000,0.28843710797085426,684
1615507200000,0.40904608341418536,685
1615593600000,0.4123820626961023,686
1615680000000,0.4229744479804992,687
1615766400000,0.38549729805844574,688
1615852800000,0.393348427963397,689
1615939200000,0.3738015332972073,690
1616025600000,0.40666339391528494,691
1616112000000,0.3932201236700522,692
1616198400000,0.4071818289009922,693
1616284800000,0.38501006701581214,694
1616371200000,0.3809386198400089,695
1616457600000,0.3476482140456271,696
1616544000000,0.3315024546836521,697
1616630400000,0.3252267123005764,698
1616716800000,0.3004062144390178,699
1616803200000,0.33664651643617843,700
1616889600000,0.3329334115584507,701
1616976000000,0.3442436009777769,702
1617062400000,0.3822931806059165,703
1617148800000,0.37007963469856736,704
1617235200000,0.35942530576763804,705
1617321600000,0.36412617001674663,706
1617408000000,0.3825109750617398,707
1617494400000,0.3519967958488334,708
1617580800000,0.3617382457447867,709
1617667200000,0.36934305498029235,710
1617753600000,0.37581894247366526,711
1617840000000,0.33974236699001703,712
1617926400000,0.3559855267951736,713
1618012800000,0.36628292102680887,714
1618099200000,0.35958265491617325,715
1618185600000,0.3676122039318954,716
1618272000000,0.35852853360075826,717
1618358400000,0.4220019305484066,718
1618444800000,0.4124667877124522,719
1618531200000,0.4422617061946528,720
1618617600000,0.42977220813789685,721
1618704000000,0.40621897467877505,722
1618790400000,0.3644324357589403,723
1618876800000,0.3266754095884679,724
1618963200000,0.34098365911793244,725
1619049600000,0.35991363307887014,726
1619136000000,0.354652042271368,727
1619222400000,0.3835693936471935,728
1619308800000,0.3563955640759478,729
1619395200000,0.3839559156429678,730
1619481600000,0.5373764546454659,731
1619568000000,0.8315061002083352,732
1619654400000,0.7729177976916533,733
1619740800000,0.8831175732119276,734
1619827200000,0.8261615352020686,735
1619913600000,0.7875362529503876,736
1620000000000,0.8185651148701645,737
1620086400000,0.7966937769104814,738
1620172800000,0.7045709299177829,739
1620259200000,0.8146377716508518,740
1620345600000,0.7579205745479414,741
1620432000000,0.7509821453944433,742
1620518400000,0.8490095868166898,743
1620604800000,0.9703296306074994,744
1620691200000,0.8806570303630454,745
1620777600000,1.0763554101056825,746
1620864000000,1.0888355070559748,747
1620950400000,1.0552320644375222,748
1621036800000,1.4668060668810836,749
1621123200000,1.6143253458322355,750
1621209600000,1.7128030277047257,751
1621296000000,1.70361185988255,752
1621382400000,2.450046072959683,753
1621468800000,1.6960914611755393,754
1621555200000,1.824127372312073,755
1621641600000,1.4815581257493151,756
1621728000000,1.1999327819551722,757
1621814400000,1.1005102125279627,758
1621900800000,1.7001255799978645,759
1621987200000,1.9260222020477578,760
1622073600000,2.2155952356600723,761
1622160000000,2.0358507817158036,762
1622246400000,1.8306479823761217,763
1622332800000,1.6878841644271447,764
1622419200000,1.8434566557283312,765
1622505600000,1.8780554995025946,766
1622592000000,1.825050441617648,767
1622678400000,1.8038075779183416,768
1622764800000,1.8304964281986098,769
1622851200000,1.6305791718399385,770
1622937600000,1.5228001820666366,771
1623024000000,1.5791349919276858,772
1623110400000,1.4767238926172215,773
1623196800000,1.4847872663702508,774
1623283200000,1.5000433477493855,775
1623369600000,1.3639399984727163,776
1623456000000,1.2514829691864602,777
1623542400000,1.3496685354488898,778
1623628800000,1.4716437917918255,779
1623715200000,1.5488047347428302,780
1623801600000,1.6410342718604691,781
1623888000000,1.4731862253224228,782
1623974400000,1.508973001754562,783
1624060800000,1.378275296130996,784
1624147200000,1.3605233337656883,785
1624233600000,1.4002466497178738,786
1624320000000,1.099956154135801,787
1624406400000,1.0709890189890185,788
1624492800000,1.1758463602123723,789
1624579200000,1.202553773471919,790
1624665600000,1.0532136995590675,791
1624752000000,1.0620450576168892,792
1624838400000,1.1081352857924678,793
1624924800000,1.1264268348819002,794
1625011200000,1.1747864213810202,795
1625097600000,1.1634901892536005,796
1625184000000,1.0807201863761187,797
1625270400000,1.107611138196442,798
1625356800000,1.1158950657247686,799
1625443200000,1.1483834436861906,800
1625529600000,1.1052128173949225,801
1625616000000,1.1300219469721435,802
1625702400000,1.1297272232840565,803
1625788800000,1.0446776788050856,804
1625875200000,1.0588512504571967,805
1625961600000,1.035074907863297,806
1626048000000,1.0445869839999669,807
1626134400000,0.9990179149448044,808
1626220800000,0.9438397001325481,809
1626307200000,0.9293273472867062,810
1626393600000,0.8744938725343908,811
1626480000000,0.8120923000047461,812
1626566400000,0.8025229012916089,813
1626652800000,0.8019780427595211,814
1626739200000,0.7366314857186991,815
1626825600000,0.6981700990573925,816
1626912000000,0.8916623627080229,817
1626998400000,0.8901569748965514,818
1627084800000,0.9428418592847553,819
1627171200000,0.9509409955844256,820
1627257600000,0.9410673998391076,821
1627344000000,1.0153513218201253,822
1627430400000,1.0369364534001728,823
1627516800000,1.0173656428197033,824
1627603200000,1.0309232961367543,825
1627689600000,1.0557612252147095,826
1627776000000,1.0864795065085282,827
1627862400000,1.0473241797968056,828
1627948800000,1.0510096382102183,829
1628035200000,1.0228925058593936,830
1628121600000,1.05307621706725,831
1628208000000,1.0639511942910354,832
1628294400000,1.080035323505678,833
1628380800000,1.1689080151678888,834
1628467200000,1.0843235571187275,835
1628553600000,1.1261595899056274,836
1628640000000,1.1562340406827691,837
1628726400000,1.3659076368743823,838
1628812800000,1.325779364533892,839
1628899200000,1.5080728063321491,840
1628985600000,1.4392211367306837,841
1629072000000,1.4677216112293925,842
1629158400000,1.4280218409949226,843
1629244800000,1.3565034153368853,844
1629331200000,1.3521133826117147,845
1629417600000,1.4104573459576621,846
1629504000000,1.5416069331704796,847
1629590400000,1.5893612587042867,848
1629676800000,1.6286931636952782,849
1629763200000,1.6247743064613271,850
1629849600000,1.4860525099129918,851
1629936000000,1.5321200051451604,852
1630022400000,1.4038761825258612,853
1630108800000,1.5102276371094576,854
1630195200000,1.4598087505852961,855
1630281600000,1.4227667892996365,856
1630368000000,1.3221911309988317,857
1630454400000,1.3513475317027759,858
1630540800000,1.4572158622987024,859
1630627200000,1.4475882509957168,860
1630713600000,1.4525130366103163,861
1630800000000,1.7355111278216784,862
1630886400000,1.6752768906600306,863
1630972800000,1.6488816812007656,864
1631059200000,1.367559385502283,865
1631145600000,1.3365429588247957,866
1631232000000,1.3654309164689715,867
1631318400000,1.300462975050535,868
1631404800000,1.3107875338838886,869
1631491200000,1.3353855505835641,870
1631577600000,1.2526087906693473,871
1631664000000,1.3185980769608903,872
1631750400000,1.4107865955341503,873
1631836800000,1.3849671234237813,874
1631923200000,1.4178139169591424,875
1632009600000,1.364356788546764,876
1632096000000,1.3172294511355915,877
1632182400000,1.1346534705519722,878
1632268800000,1.0414912651512036,879
1632355200000,1.2202810007915645,880
1632441600000,1.2251685590033712,881
1632528000000,1.1272097930816045,882
1632614400000,1.1265032273213418,883
1632700800000,1.1264729327865655,884
1632787200000,1.085085827453011,885
1632873600000,1.0475227243397156,886
1632960000000,1.1007346495729327,887
1633046400000,1.1284211734577194,888
1633132800000,1.2677663424872625,889
1633219200000,1.2961700736347004,890
1633305600000,1.3255969407964643,891
1633392000000,1.279508796920266,892
1633478400000,1.3143663356224329,893
1633564800000,1.2590833152753813,894
1633651200000,1.2792947883544434,895
1633737600000,1.3372074493586121,896
1633824000000,1.352020490537352,897
1633910400000,1.247791609860409,898
1633996800000,1.240431103633866,899
1634083200000,1.2228157508292092,900
1634169600000,1.2408876001350144,901
1634256000000,1.265750062899244,902
1634342400000,1.5931286333828234,903
1634428800000,1.510319544008385,904
1634515200000,1.456703592820831,905
1634601600000,1.478513009186832,906
1634688000000,1.4786782026695897,907
1634774400000,1.530730023476453,908
1634860800000,1.5093444145324528,909
1634947200000,1.5183332851893754,910
1635033600000,1.646128880129589,911
1635120000000,1.5767365703480523,912
1635206400000,1.6713393541479167,913
1635292800000,1.7433853795367826,914
1635379200000,1.7735644500773913,915
1635465600000,2.1278969736404654,916
1635552000000,2.024912097948278,917
1635638400000,1.8607939879026367,918
1635724800000,1.934257252179863,919
1635811200000,1.9074247857299775,920
1635897600000,1.9371765583911453,921
1635984000000,2.037005142796291,922
1636070400000,1.9253755944929332,923
1636156800000,1.905563829396786,924
1636243200000,1.8887161285171636,925
1636329600000,1.8895086578005136,926
1636416000000,1.8940668176695723,927
1636502400000,1.767301959698415,928
1636588800000,1.7021584575360686,929
1636675200000,1.7677843603717804,930
1636761600000,1.723301843064975,931
1636848000000,1.7591733237852694,932
1636934400000,1.7363485589451995,933
1637020800000,1.7004472892859646,934
1637107200000,1.572090527240301,935
1637193600000,1.6412118528946322,936
1637280000000,1.4854753646247103,937
1637366400000,1.6237278947025597,938
1637452800000,1.6741158015149562,939
1637539200000,1.6176308852554613,940
1637625600000,1.560913101799978,941
1637712000000,1.7568077725752074,942
1637798400000,1.693260439994773,943
1637884800000,1.9134262759318699,944
1637971200000,1.638539889706418,945
1638057600000,1.6060191688314844,946
1638144000000,1.6495358363347243,947
1638230400000,1.8168546570524722,948
1638316800000,1.7885896406253898,949
1638403200000,2.0145983029321948,950
1638489600000,2.126812221996004,951
1638576000000,2.2851271616109363,952
1638662400000,1.9718996406749512,953
1638748800000,2.0190625740328207,954
1638835200000,2.2710027371380646,955
1638921600000,2.3711108530078064,956
1639008000000,2.4209739131594836,957
1639094400000,2.0995107066999936,958
1639180800000,2.090222708285588,959
1639267200000,2.128040081958641,960
1639353600000,2.0848699867719205,961
1639440000000,1.8140016623467246,962
1639526400000,1.9360364131517087,963
1639612800000,2.1250528454767332,964
1639699200000,2.079372421202235,965
1639785600000,2.1320094327480494,966
1639872000000,2.2317058838061525,967
1639958400000,2.230046220503741,968
1640044800000,2.1448792312073808,969
1640131200000,2.3706536976113948,970
1640217600000,2.509826473524964,971
1640304000000,2.6769160967341965,972
1640390400000,2.4634229124093454,973
1640476800000,2.643760204728756,974
1640563200000,2.8817116048125393,975
1640649600000,2.735292890982307,976
1640736000000,2.5078353208653166,977
1640822400000,2.4774733330919645,978
1640908800000,2.5528488899193196,979
1640995200000,2.5294645647442047,980
1641081600000,2.582126353212266,981
1641168000000,2.547579080217119,982
1641254400000,2.437713492913628,983
1641340800000,2.373652898801285,984
1641427200000,2.196618056481613,985
1641513600000,2.253219259099906,986
1641600000000,2.058653014099287,987
1641686400000,1.9964066276296266,988
1641772800000,2.114208280765191,989
1641859200000,2.0698081143475022,990
1641945600000,2.3516193176803104,991
1642032000000,2.390803296235098,992
1642118400000,2.2705612212522355,993
1642204800000,2.3389152867257454,994
1642291200000,2.3555691945992323,995
1642377600000,2.3285010119363494,996
1642464000000,2.2230085366430927,997
1642550400000,2.1309111373789,998
1642636800000,2.0387960807597203,999
1642723200000,1.9578367369556833,1000
1642809600000,1.7011860374945913,1001
1642896000000,1.5316010783701033,1002
1642982400000,1.612003981052023,1003
1643068800000,1.5083902803519575,1004
1643155200000,1.567990135455952,1005
1643241600000,1.592320278066891,1006
1643328000000,1.5892774292907512,1007
1643414400000,1.682473606010256,1008
1643500800000,1.6971220324180523,1009
1643587200000,1.6058983769413802,1010
1643673600000,1.6449818403911372,1011
1643760000000,1.6491553409514406,1012
1643846400000,1.5412733728860137,1013
1643932800000,1.5455712838431301,1014
1644019200000,1.6853806278923724,1015
1644105600000,1.7196991745844328,1016
1644192000000,1.738431550624909,1017
1644278400000,2.0273524127363154,1018
1644364800000,1.9494193264272501,1019
1644451200000,2.0501225449827665,1020
1644537600000,1.8982187340533003,1021
1644624000000,1.7154794691785338,1022
1644710400000,1.69281125460006,1023
1644796800000,1.671858841141355,1024
1644883200000,1.6595543359807072,1025
1644969600000,1.8610856057576808,1026
1645056000000,1.8406429796566006,1027
1645142400000,1.6616427105143305,1028
1645228800000,1.5965460855296596,1029
1645315200000,1.6316437632887486,1030
1645401600000,1.516305130652796,1031
1645488000000,1.4086244164781865,1032
1645574400000,1.463944037056804,1033
1645660800000,1.4481952366890618,1034
1645747200000,1.4393299847539107,1035
1645833600000,1.5562276966710036,1036
1645920000000,1.5108902368528407,1037
1646006400000,1.4534853979647624,1038
1646092800000,1.6105584827760644,1039
1646179200000,1.623493747403055,1040
1646265600000,1.6359832716793414,1041
1646352000000,1.5845023378954357,1042
1646438400000,1.4734178092787038,1043
1646524800000,1.5103297557066,1044
1646611200000,1.4401363552038584,1045
1646697600000,1.417468790521662,1046
1646784000000,1.444158686425027,1047
1646870400000,1.5066673190869004,1048
1646956800000,1.440356834159954,1049
1647043200000,1.4074343579930493,1050
1647129600000,1.3985395123662763,1051
1647216000000,1.3638110228180411,1052
1647302400000,1.3785633495317235,1053
1647388800000,1.3804929097944365,1054
1647475200000,1.4676828353511477,1055
1647561600000,1.449989585383939,1056
1647648000000,1.5006865752792231,1057
1647734400000,1.5262442393097375,1058
1647820800000,1.4640682235614884,1059
1647907200000,1.466245055822723,1060
1647993600000,1.5058924071893063,1061
1648080000000,1.554465080074417,1062
1648166400000,1.628999609937458,1063
1648252800000,1.5789704721986562,1064
1648339200000,1.609113604892018,1065
1648425600000,1.6912480545936495,1066
1648512000000,1.657857093092196,1067
1648598400000,1.673703791604107,1068
1648684800000,1.6839582389936354,1069
1648771200000,1.617969723586427,1070
1648857600000,1.6940714561101609,1071
1648944000000,1.6526709984421302,1072
1649030400000,1.6890504381320874,1073
1649116800000,1.649586684420353,1074
1649203200000,1.592686227892858,1075
1649289600000,1.4582499325643588,1076
1649376000000,1.5133903852818213,1077
1649462400000,1.4357216518053801,1078
1649548800000,1.4651001334974887,1079
1649635200000,1.4323591472163504,1080
1649721600000,1.3334454494922814,1081
1649808000000,1.3945340192829372,1082
1649894400000,1.4224675344236735,1083
1649980800000,1.374044004980452,1084
1650067200000,1.3968320518435167,1085
1650153600000,1.3917366146043055,1086
1650240000000,1.338842586023414,1087
1650326400000,1.4242770064275827,1088
1650412800000,1.4275925500611464,1089
1650499200000,1.418538429173366,1090
1650585600000,1.3805192317622033,1091
1650672000000,1.3994135817499445,1092
1650758400000,1.3661991090506085,1093
1650844800000,1.3432454822719229,1094
1650931200000,1.3534801453307466,1095
1651017600000,1.2427741837557447,1096
1651104000000,1.2575055024127098,1097
1651190400000,1.2382125521602623,1098
1651276800000,1.140586541078395,1099
1651363200000,1.0401673061371677,1100
1651449600000,1.1018938140475931,1101
1651536000000,1.077159282173947,1102
1651622400000,1.0759040340513326,1103
1651708800000,1.1713238156714678,1104
1651795200000,1.0658473686815868,1105
1651881600000,1.0440834481754633,1106
1651968000000,1.0216290411154416,1107
1652054400000,0.9735237914910398,1108
1652140800000,0.825945409325903,1109
1652227200000,0.8907814481399241,1110
1652313600000,0.6639467894917128,1111
1652400000000,0.6017680593022542,1112
1652486400000,0.6653766448415876,1113
1652572800000,0.6870535050055993,1114
1652659200000,0.7357801235330548,1115
1652745600000,0.676023782318163,1116
1652832000000,0.7290331286311724,1117
1652918400000,0.626458602295465,1118
1653004800000,0.6623175641348419,1119
1653091200000,0.636165385434187,1120
1653177600000,0.649914168179044,1121
1653264000000,0.6789028382782145,1122
1653350400000,0.6410227525343959,1123
1653436800000,0.660876516154734,1124
1653523200000,0.647959688718728,1125
1653609600000,0.6018057445037106,1126
1653696000000,0.5742996181865947,1127
1653782400000,0.5883988791215271,1128
1653868800000,0.5989108169010998,1129
1653955200000,0.6578094289810985,1130
1654041600000,0.6626506715038493,1131
1654128000000,0.6028805614310659,1132
1654214400000,0.6193666699479351,1133
1654300800000,0.5898923429362142,1134
1654387200000,0.5965202477247938,1135
1654473600000,0.5980490426567903,1136
1654560000000,0.6322327356707669,1137
1654646400000,0.6180402565621677,1138
1654732800000,0.6070023671988923,1139
1654819200000,0.6328013059733515,1140
1654905600000,0.5946443841115501,1141
1654992000000,0.5383994354312582,1142
1655078400000,0.5052024479852609,1143
1655164800000,0.4275287807342146,1144
1655251200000,0.4161305751762808,1145
1655337600000,0.43569274044892164,1146
1655424000000,0.38220435532968194,1147
1655510400000,0.40080800264424415,1148
1655596800000,0.34685900509366047,1149
1655683200000,0.3821691383184903,1150
1655769600000,0.4010214971433705,1151
1655856000000,0.418173444005322,1152
1655942400000,0.45891922314543837,1153
1656028800000,0.5623147118394106,1154
1656115200000,0.6162618795208674,1155
1656201600000,0.6007456253159488,1156
1656288000000,0.5649433353952497,1157
1656374400000,0.5322662608006304,1158
1656460800000,0.5105938449349023,1159
1656547200000,0.49551145653238166,1160
1656633600000,0.47132116917076733,1161
1656720000000,0.4634424856749727,1162
1656806400000,0.49464411099819433,1163
1656892800000,0.4612938573318064,1164
1656979200000,0.4928700657260594,1165
1657065600000,0.511149073902543,1166
1657152000000,0.5256465315271727,1167
1657238400000,0.5627599451786898,1168
1657324800000,0.6118580594079541,1169
1657411200000,0.5892905736850612,1170
1657497600000,0.5712058198562212,1171
1657584000000,0.5643098943700992,1172
1657670400000,0.5423261271051065,1173
1657756800000,0.6371354195686907,1174
1657843200000,0.7049974051548248,1175
1657929600000,0.7047760580276754,1176
1658016000000,0.7267973956545022,1177
1658102400000,0.7538529103557754,1178
1658188800000,0.9595361891896185,1179
1658275200000,0.9251750667325436,1180
1658361600000,0.8364519309237785,1181
1658448000000,0.9081146905358942,1182
1658534400000,0.8537163295085609,1183
1658620800000,0.8785460273293562,1184
1658707200000,0.8861665868151554,1185
1658793600000,0.7789165723259345,1186
1658880000000,0.7786349631110646,1187
1658966400000,0.8927516925784298,1188
1659052800000,0.937040402484538,1189
1659139200000,0.9434847245202689,1190
1659225600000,0.9298909099368032,1191
1659312000000,0.9301519431825614,1192
1659398400000,0.8964918151526995,1193
1659484800000,0.883504539022558,1194
1659571200000,0.8895512906949016,1195
1659657600000,0.8944172848417784,1196
1659744000000,0.9274080535166559,1197
1659830400000,0.9087142720592123,1198
1659916800000,0.9083511488578053,1199
1660003200000,0.923447473551309,1200
1660089600000,0.8869119227485418,1201
1660176000000,0.9387420016935634,1202
1660262400000,0.9221287399076301,1203
1660348800000,0.9351503089310563,1204
1660435200000,1.0265751308960593,1205
1660521600000,1.0018087625890875,1206
1660608000000,0.9548275166490023,1207
1660694400000,0.9378970417928791,1208
1660780800000,0.8856424909223666,1209
1660867200000,0.8616052483364754,1210
1660953600000,0.7746878905535965,1211
1661040000000,0.7881780067818226,1212
1661126400000,0.8235974859302548,1213
1661212800000,0.810122759997726,1214
1661299200000,0.8333342172743741,1215
1661385600000,0.8128641042742937,1216
1661472000000,0.8201331751358862,1217
1661558400000,0.763888218521644,1218
1661644800000,0.8088168559575716,1219
1661731200000,0.7893258706130383,1220
1661817600000,0.819281131096967,1221
1661904000000,0.8154416607209982,1222
1661990400000,0.8316408170899061,1223
1662076800000,0.8879882171415913,1224
1662163200000,0.8720456998028082,1225
1662249600000,0.8897596623415834,1226
1662336000000,0.8947452109635956,1227
1662422400000,0.8817574847821231,1228
1662508800000,0.8205667556557664,1229
1662595200000,0.8425502582708698,1230
1662681600000,0.8443951729179235,1231
1662768000000,0.8909966307358459,1232
1662854400000,0.9058033903482318,1233
1662940800000,0.8930236812403217,1234
1663027200000,0.9278062346860365,1235
1663113600000,0.8477593046544023,1236
1663200000000,0.8663939662012149,1237
1663286400000,0.8244940170390708,1238
1663372800000,0.8059521275918123,1239
1663459200000,0.8305229094348694,1240
1663545600000,0.7547451819993531,1241
1663632000000,0.7679208263285565,1242
1663718400000,0.7337107948884033,1243
1663804800000,0.7047672853732235,1244
1663891200000,0.7545174669444902,1245
1663977600000,0.7791927405991029,1246
1664064000000,0.7547664790525365,1247
1664150400000,0.7408710928948737,1248
1664236800000,0.7551213549919822,1249
1664323200000,0.7404109338513863,1250
1664409600000,0.7486168807342602,1251
1664496000000,0.7635938469993259,1252
1664582400000,0.7781360963444549,1253
1664668800000,0.7660903642538096,1254
1664755200000,0.7662748091948013,1255
1664841600000,0.801776016649397,1256
1664928000000,0.8368535070882067,1257
1665014400000,0.8521190881821823,1258
1665100800000,0.8325968573303639,1259
1665187200000,0.8286189145612218,1260
1665273600000,0.8133753130291874,1261
1665360000000,0.8248325408405127,1262
1665446400000,0.8171678550584808,1263
1665532800000,0.7908644944896468,1264
1665619200000,0.7834650153618961,1265
1665705600000,0.7762330669669092,1266
1665792000000,0.7928658721944235,1267
1665878400000,0.7916424751654845,1268
1665964800000,0.7999287443697821,1269
1666051200000,0.8488052164251403,1270
1666137600000,0.8665018867244423,1271
1666224000000,0.8454560541980949,1272
1666310400000,0.8099527304864157,1273
1666396800000,0.8318530695814297,1274
1666483200000,0.8326589345968742,1275
1666569600000,0.9007910384967723,1276
1666656000000,0.8928574366593809,1277
1666742400000,0.9204120131802525,1278
1666828800000,0.9386813496883242,1279
1666915200000,0.9057046899743282,1280
1667001600000,0.9433866583772722,1281
1667088000000,0.9335778961661454,1282
1667174400000,0.9081748263616963,1283
1667260800000,0.9032096343234265,1284
1667347200000,0.8751840918515319,1285
1667433600000,0.8725044435369119,1286
1667520000000,0.9526890091717732,1287
1667606400000,1.168293086360122,1288
1667692800000,1.1829018488117151,1289
1667779200000,1.1382218996225484,1290
1667865600000,1.2459236228138157,1291
1667952000000,1.048465959031283,1292
1668038400000,0.807444937517888,1293
1668124800000,1.1303752851488909,1294
1668211200000,1.0738187159384185,1295
1668297600000,0.9391782358117251,1296
1668384000000,0.8935064556098866,1297
1668470400000,0.9174567618240594,1298
1668556800000,0.9417345006044788,1299
1668643200000,0.9031563031825607,1300
1668729600000,0.8753057566434198,1301
1668816000000,0.8817503639648072,1302
1668902400000,0.8783081879592134,1303
1668988800000,0.8096086024194981,1304
1669075200000,0.7969728568293368,1305
1669161600000,0.8502967117924242,1306
1669248000000,0.8624480161152408,1307
1669334400000,0.8505391768538095,1308
1669420800000,0.8445487342614227,1309
1669507200000,0.8481559516995186,1310
1669593600000,0.8458506488585686,1311
1669680000000,0.8240908153015509,1312
1669766400000,0.8392930074552869,1313
1669852800000,0.9334514272212489,1314
1669939200000,0.9093196462551478,1315
1670025600000,0.9486598906188558,1316
1670112000000,0.9053678604068555,1317
1670198400000,0.9226727729925477,1318
1670284800000,0.9127689141199324,1319
1670371200000,0.9182160336231294,1320
1670457600000,0.8978551738597659,1321
1670544000000,0.9281137640266455,1322
1670630400000,0.9104429559819722,1323
1670716800000,0.9086546455108876,1324
1670803200000,0.8931766988666795,1325
1670889600000,0.9104825291015732,1326
1670976000000,0.9224843337199594,1327
1671062400000,0.9039125521414374,1328
1671148800000,0.8754609174161206,1329
1671235200000,0.797091751330114,1330
1671321600000,0.8174059528471279,1331
1671408000000,0.8162338455692867,1332
1671494400000,0.7727375253667872,1333
1671580800000,0.8028360626012189,1334
1671667200000,0.7925301891769654,1335
1671753600000,0.7960248817557912,1336
1671840000000,0.7993525796487325,1337
1671926400000,0.7959758046860775,1338
1672012800000,0.7946382967570126,1339
1672099200000,0.8145623801400227,1340
1672185600000,0.8064246094120958,1341
1672272000000,0.7826415962896793,1342
1672358400000,0.7774812192865352,1343
1672444800000,0.7606710600942095,1344
1672531200000,0.7591852101009446,1345
1672617600000,0.7601876720675049,1346
1672704000000,0.7810469996639215,1347
1672790400000,0.7809694980117167,1348
1672876800000,0.8067971291622745,1349
1672963200000,0.7886057814128598,1350
1673049600000,0.7999338904739021,1351
1673136000000,0.8074369000995302,1352
1673222400000,0.8390854179870747,1353
1673308800000,0.8442482039403647,1354
1673395200000,0.8588557979537285,1355
1673481600000,0.8978710447450735,1356
1673568000000,0.9136095727205852,1357
1673654400000,0.9323591524424998,1358
1673740800000,1.0001477349985117,1359
1673827200000,0.982654361140489,1360
1673913600000,1.0192827225898002,1361
1674000000000,0.997491985807013,1362
1674086400000,0.9416482624192394,1363
1674172800000,0.9512293784863531,1364
1674259200000,1.0245296966063742,1365
1674345600000,0.9899879783765451,1366
1674432000000,0.9950249950079185,1367
1674518400000,0.998054462555256,1368
1674604800000,0.9553884115284103,1369
1674691200000,0.9944812213192441,1370
1674777600000,1.1096540809879474,1371
1674864000000,1.1583628770982732,1372
1674950400000,1.143236691709252,1373
1675036800000,1.1777834252298325,1374
1675123200000,1.0883071997759488,1375
1675209600000,1.1111902788646264,1376
1675296000000,1.1968911726313807,1377
1675382400000,1.1875391636204138,1378
1675468800000,1.2474134225070994,1379
1675555200000,1.252366946413168,1380
1675641600000,1.2061179400338118,1381
1675728000000,1.1913477690830616,1382
1675814400000,1.2696997225399744,1383
1675900800000,1.3062798722948075,1384
1675987200000,1.22796299986561,1385
1676073600000,1.2304599455591416,1386
1676160000000,1.2534610533328505,1387
1676246400000,1.2375575516934638,1388
1676332800000,1.1873384393151944,1389
1676419200000,1.2603523710100084,1390
1676505600000,1.3302761759850181,1391
1676592000000,1.378857617182959,1392
1676678400000,1.5309033259933797,1393
1676764800000,1.4868081501265773,1394
1676851200000,1.4782398807775325,1395
1676937600000,1.4720538715880276,1396
1677024000000,1.383301609762339,1397
1677110400000,1.3969135407425588,1398
1677196800000,1.3555233091714305,1399
1677283200000,1.2646567743391584,1400
1677369600000,1.2474742930595364,1401
1677456000000,1.2792801649390084,1402
1677542400000,1.2342327438273728,1403
1677628800000,1.1939394382705606,1404
1677715200000,1.2454177476323185,1405
1677801600000,1.2244656811170356,1406
1677888000000,1.169699124303186,1407
1677974400000,1.1262415414158302,1408
1678060800000,1.13741115624262,1409
1678147200000,1.1319735641686532,1410
1678233600000,1.1503416148565038,1411
1678320000000,1.054623283136411,1412
1678406400000,1.0155088137808372,1413
1678492800000,1.058959984760366,1414
1678579200000,1.0591095400359605,1415
1678665600000,1.1535960948806165,1416
1678752000000,1.1917678276619437,1417
1678838400000,1.2012920746321,1418
1678924800000,1.1167266202775665,1419
1679011200000,1.156838494910721,1420
1679097600000,1.2252227522585066,1421
1679184000000,1.1762538301903265,1422
1679270400000,1.1763367356010364,1423
1679356800000,1.1113770251760657,1424
1679443200000,1.1609468811555375,1425
1679529600000,1.1161182256139794,1426
1679616000000,1.1407405185970523,1427
1679702400000,1.0973512472632814,1428
1679788800000,1.0850444879078887,1429
1679875200000,1.1061312891828419,1430
1679961600000,1.0491510395217083,1431
1680048000000,1.0882791978640303,1432
1680134400000,1.1247163911296951,1433
1680220800000,1.0930975690542095,1434
1680307200000,1.1194315112340503,1435
1680393600000,1.1123306462452343,1436
1680480000000,1.097990085082774,1437
1680566400000,1.097350071467739,1438
1680652800000,1.1397412236613602,1439
1680739200000,1.1415799784068466,1440
1680825600000,1.1137779623781865,1441
1680912000000,1.1088519759813205,1442
1680998400000,1.103192941223531,1443
1681084800000,1.1017965660237183,1444
1681171200000,1.1213579601993007,1445
1681257600000,1.1139793035124976,1446
1681344000000,1.1043853497069465,1447
1681430400000,1.1350791115308958,1448
1681516800000,1.1620735904936073,1449
1681603200000,1.1727258880346902,1450
1681689600000,1.1840721063601014,1451
1681776000000,1.154723328654139,1452
1681862400000,1.1714015355474947,1453
1681948800000,1.084251832799459,1454
1682035200000,1.047041993310411,1455
1682121600000,1.0129134982852805,1456
1682208000000,1.0275975820152121,1457
1682294400000,1.0037679260838477,1458
1682380800000,0.9905068433520176,1459
1682467200000,1.0079527852997874,1460
1682553600000,0.9853123769819787,1461
1682640000000,1.0131727275513636,1462
1682726400000,0.9987120014836577,1463
1682812800000,1.0021654724549396,1464
1682899200000,0.9857225531652433,1465
1682985600000,0.9616384145786129,1466
1683072000000,0.9772947873126662,1467
1683158400000,1.0064462308412698,1468
1683244800000,0.98324819757428,1469
1683331200000,0.9983822531294154,1470
1683417600000,0.9779223951889795,1471
1683504000000,0.9682475914164134,1472
1683590400000,0.9011260705227014,1473
1683676800000,0.8766703721635983,1474
1683763200000,0.878176310507695,1475
1683849600000,0.8436626405327882,1476
1683936000000,0.8664372769818632,1477
1684022400000,0.8491389449781893,1478
1684108800000,0.860390890707624,1479
1684195200000,0.8619962668855408,1480
1684281600000,0.8458367105709956,1481
1684368000000,0.8876568022381116,1482
1684454400000,0.872037556868815,1483
1684540800000,0.8718400239582123,1484
1684627200000,0.8772973334199394,1485
1684713600000,0.8580550082953653,1486
1684800000000,0.8731027584335274,1487
1684886400000,0.8902872681612154,1488
1684972800000,0.8748679084507539,1489
1685059200000,0.8905618752831851,1490
1685145600000,0.9118884856517246,1491
1685232000000,0.9214876953304368,1492
1685318400000,0.9422964830799139,1493
1685404800000,0.9094030610390841,1494
1685491200000,0.9019239840053682,1495
1685577600000,0.8951045116958262,1496
1685664000000,0.8891334631375576,1497
1685750400000,0.9007254612355098,1498
1685836800000,0.8998161208343667,1499
1685923200000,0.8945771599600066,1500
1686009600000,0.8359350524666928,1501
1686096000000,0.8239890654019125,1502
1686182400000,0.7658723707807877,1503
1686268800000,0.78187825000619,1504
1686355200000,0.7268489114196293,1505
1686441600000,0.6151618113985564,1506
1686528000000,0.6350670975550194,1507
1686614400000,0.6435205610211298,1508
1686700800000,0.6435584414711417,1509
1686787200000,0.6194370796623108,1510
1686873600000,0.5898605258390828,1511
1686960000000,0.5901553673702385,1512
1687046400000,0.6137849203552015,1513
1687132800000,0.5959739447239809,1514
1687219200000,0.6134463327283491,1515
1687305600000,0.6303650161689279,1516
1687392000000,0.6703586098535311,1517
1687478400000,0.6570306572302016,1518
1687564800000,0.6738061941268711,1519
1687651200000,0.6550413032579375,1520
1687737600000,0.667428414375312,1521
1687824000000,0.6452996161413453,1522
1687910400000,0.6643974089838811,1523
1687996800000,0.6143888303168447,1524
1688083200000,0.6242041329223742,1525
1688169600000,0.6606043201350411,1526
1688256000000,0.6763647532271583,1527
1688342400000,0.6806499712777094,1528
1688428800000,0.7129256436481903,1529
1688515200000,0.6973552606004683,1530
1688601600000,0.6710034424597694,1531
1688688000000,0.6649276644984967,1532
1688774400000,0.6755662837589442,1533
1688860800000,0.679932290981746,1534
1688947200000,0.6878025922196532,1535
1689033600000,0.735781880362546,1536
1689120000000,0.7414514880621517,1537
1689206400000,0.724706115349039,1538
1689292800000,0.8489117452331578,1539
1689379200000,0.8089969265504874,1540
1689465600000,0.7991752059925273,1541
1689552000000,0.7680942114348375,1542
1689638400000,0.7786680429539086,1543
1689724800000,0.7374996283550009,1544
1689811200000,0.7446949876882506,1545
1689897600000,0.7661610072281947,1546
1689984000000,0.7709818685720355,1547
1690070400000,0.7436686157914151,1548
1690156800000,0.7575367614157493,1549
1690243200000,0.728411534959131,1550
1690329600000,0.7084695121360546,1551
1690416000000,0.7220209724739719,1552
1690502400000,0.7160603058059711,1553
1690588800000,0.7094526936193374,1554
1690675200000,0.7188106929413386,1555
1690761600000,0.6977245349540061,1556
1690848000000,0.6882074032906282,1557
1690934400000,0.6988975715820345,1558
1691020800000,0.6800968773915135,1559
1691107200000,0.6684125816196896,1560
1691193600000,0.6642768421348192,1561
1691280000000,0.6661943090418332,1562
1691366400000,0.6656537302752854,1563
1691452800000,0.6646149223892596,1564
1691539200000,0.6858450840610164,1565
1691625600000,0.6909202119136653,1566
1691712000000,0.6846584678363384,1567
1691781047000,0.6776213287158146,1568
